id,source,date,text,keep_for_gold,relevance_score,primary_signal,rationale,noise_category
1,play_store,2026-08-29,"I recently purchased this GEAR backpack, and I’m really impressed with its quality. The material feels durable and premium, and the laptop compartment has an amazing fit. Overall, it’s a great backpack and offers good value for money.",True,100,quality_doubt,"No hesitation about purchasing the product, indicating a high-quality product.",
2,play_store,2026-08-29,Absolute fraud – sent a stone instead of a perfume! Zero stars if possible. Ordered a perfume and received a literal stone in the box. How does this even pass quality control? Extremely poor service and breach of trust by Myntra.,True,100,quality_doubt,"Received a stone instead of a perfume, poor quality control.",
3,play_store,2026-08-28,"I placed an order that was supposed to be delivered on the 27th, but it’s already the 28th and your tracking page still says, “We will deliver your order as soon as possible.” Pathetic service—there’s not even anyone available to register a complaint. You have completely ruined my Raksha Bandhan plans. Extremely disappointing and unacceptable. Thankyou for such great Service Myntra",True,100,delivery_uncertainty,Delayed delivery ruined Raksha Bandhan plans due to unclear tracking information.,
4,play_store,2026-08-28,"incompetent devs. I am unable to login my old account. I login with the exact same phone number and everything is blank, no data, no previous orders shown, nothing. upon adding my email in account details it says account already exists. then why don't you give option to login with email. seems like the devs got their job with donation.",True,100,technical_issue,Reports login issues and incompetence of developers.,
5,play_store,2026-08-28,"An absolute go-to app for fashion shopping! The interface is clean, easy to navigate, and offers a massive variety of clothing, footwear, and lifestyle brands. Delivery is usually on time, and the hassle-free exchange and return policy makes online shopping completely stress-free. Highly recommended!",True,100,no_purchase_blocker,"user has no complaints, implies no purchase blockers",
6,play_store,2026-08-28,"⭐⭐⭐⭐⭐ “Great shopping experience on Myntra! Product quality was excellent, delivery was quick, and everything was exactly as expected. Definitely a reliable platform for online shopping.”",True,100,quality_confidence,Mentions excellent product quality and reliable platform.,
7,play_store,2026-08-28,"Absolutely love these Mynta shoes! ❤️ Super stylish, comfortable, and classy. Highly recommended! ⭐⭐⭐⭐⭐",True,100,quality_confidence,"Expresses satisfaction with product quality, comfort, and style.",
8,app_store,2026-08-28,"Gorgeous. Design the fitting, clothes everything is perfect. Just love it",True,100,liked_look,saved because it looked gorgeous,
9,app_store,2026-08-28,Man baggy loose fit. Best quality products,True,100,fit_uncertainty,saved because of man baggy loose fit,
10,play_store,2026-08-28,mara account deactivate kar diya!,True,100,account_deactivated,"User's account was deactivated, indicating a potential issue with the app.",
11,play_store,2026-08-28,costumer support is a joke ...,True,100,customer_support,"Customer support was described as a 'joke', indicating a potential issue with service.",
12,youtube,2026-08-26,Well more interested in the pants...what's it called?,True,100,fit_uncertainty,Customer is interested in the pants but is unsure about the name of the product.,
13,youtube,2026-08-26,can you share the trouser linkk?,True,100,fit_uncertainty,"Customer is asking for the link to the trouser, indicating uncertainty about fit.",
14,youtube,2026-08-07,Ye bilkul v sahi aps nhi h myntra pe ada adhura saman bhejta h Or jb missing k cmpln karo to ye log bekuf bnata h 2 august ko mene odr mgaya myntra ne ada adura products bheja lekin abhi tak ye log mera products vaps nhi kie vry bd myntra,True,100,quality_doubt,Experienced issues with missing products and non-refund,
15,app_store,2026-08-01,Stylecast x kotty. It’s so comfy and the fabric is so good,True,100,liked_look,saved because it's comfy and the fabric is good,
16,app_store,2026-07-26,"Myntra. ⭐⭐⭐⭐⭐ Excellent product! Good quality, exactly as shown in the pictures. Fits perfectly and delivery was on time. Highly recommended!",True,100,quality_confirmed,"good quality, fits perfectly, and delivery was on time",
17,youtube,2026-07-02,Nice and you can see my account for beautiful frocks like this,True,100,liked_look,Saved a frock they liked and showed their account,
18,youtube,2026-06-17,Link for first white dress,True,100,liked_look,Saved a dress they liked,
19,youtube,2026-06-16,Please silver dress ka link share kr dijiye,True,100,quality_doubt,"User is asking for a specific product link, indicating uncertainty about the product's availability or quality.",
20,youtube,2026-05-19,"i loved the sunglasses from brand ROYALTAIL, Thanks for your suggestions and review, Ordered and wearing now such a heavy quality. ❤❤🎉🎉",True,100,quality_doubt,Ordered and wearing now such a heavy quality.,
21,youtube,2026-01-28,All the link provided by you are of different items…except two none of them matched with link of product provided…stop fooling for views only,True,100,quality_doubt,"Reviewer suspects the seller is providing fake links, indicating quality doubt.",
22,youtube,2026-01-15,Mintra फ्रॉड है mintra फ्रॉड है mintra फ्रॉड है mintra फ्रॉड है mintra फ्रॉड है mintra फ्रॉड है mintra फ्रॉड है mintra फ्रॉड है mintra फ्रॉड है mintra फ्रॉड है मेरा पैसा खा गया खाली डब्बा भेजा था मुझे न तो समान भेजा न मेरा पैसा वापस किया 😢😢,True,100,quality_doubt,Experienced issues with missing products and non-refund,
23,youtube,2025-12-01,2nd pink dress was awesome,True,100,liked_look,"User is expressing enthusiasm for a specific product, indicating they liked how it looked.",
24,youtube,2025-11-21,It’s advise be careful there is better platforms where you can shop like Nayka and all but Myntra just fraud,True,100,price_hesitation,Mentioned better platforms and hesitation to shop on Myntra,
25,youtube,2025-11-21,Myntra is fraud don’t shop from this,True,100,price_hesitation,Categorically stated Myntra is a fraud,
26,youtube,2025-11-17,Two number vala chhan aahe ❤❤,True,100,liked_look,"Customer is expressing enthusiasm for the product, indicating they like the look.",
27,youtube,2025-11-01,Which size u wearing 🙏🙏,True,100,fit_uncertainty,"Customer is asking about the size of the product, indicating uncertainty about fit.",
28,youtube,2025-10-12,First white dress ka link please di kr dijiye send,True,100,quality_doubt,"User is asking for a specific product link, indicating uncertainty about the product's availability or quality.",
29,youtube,2025-10-05,You look better than the model of these shirts itself ❤❤❤❤,True,100,liked_look,Shopper thinks the model looks better than the shirt itself,
30,youtube,2025-09-26,Aditi just wanted to say a big thank you to you girl 🙏 You helped me pick some beautiful suits from Myntra for my friend’s wedding function . Swear to god your reviews were so real and not paid. I watched your videos and ordered 6 suits from Myntra and they turned out to be amazingly beautiful. So thank you once again ❤. Love from 🇺🇸,True,100,quality_doubt,Reviewer found suits to be amazingly beautiful and ordered 6 from Myntra,
31,youtube,2025-09-17,2nd pink colour dress nahi hai didi 😢,True,100,fit_uncertainty,"User is expressing disappointment that a specific product is not available, indicating uncertainty about their fit.",
32,youtube,2025-06-13,Loved all the crop shirts🫶The styling is on point💕🤍Your fashion sense is always top-notch🤌🩷🩷,True,100,liked_look,Shopper loved the styling and fashion sense of the crop shirts,
33,youtube,2025-06-12,PRODUCTS ARE TAGGED 🤍 Shirts Size: S Jeans Size: S (waist 28),True,100,size_uncertainty,Shopper is unsure about their size (S) and waist size (28),
34,youtube,2025-06-06,Terrrriiibbbllleeeee Had ordered it,True,100,liked_look,Expressed excitement and enthusiasm about the product,
35,youtube,2025-04-16,"Loved the blue printed one...please do a haul on Elegant Hush suits,they have very pretty collection.",True,100,liked_look,Reviewer loved the blue printed one and suggests a haul on Elegant Hush suits.,
36,youtube,2024-08-24,DressBerry Women Stunning Blue Mid-Rise Flared Cropped Stretchable Jeans (thank me later),True,100,liked_look,Reviewer liked the blue printed one.,
37,play_store,2026-08-28,worst e commerce app I have seen till now they take 10 days to deliver a thing and without any proper tracking and phone calls or messages and had a worst experience in my city gorakhpur hub I have their to collect my own order and they are finding my order and after 1 hours of waiting they said that looks like your order is packed may be or be with delivery agent we will inform you later and then the next day product has been cancelled and they the product has been lost..... not even 1 star,True,98,delivery_uncertainty,"Worst e-commerce app, poor delivery experience, no tracking or communication",
38,play_store,2026-08-29,The worst app I have ever seen the delivery service is the worst. The delivery was delayed like 5 times They always changed the date and when the delivery came I ordered shoes the box is totally crushed and the shoes are used and after the they asked review in app and I said about delivery services and primary package 📦 damaged they rejected my review and I give photos also but they not agree and the shoes 👟 also used and the customer care service also worst after this talk you using enjoy,True,95,quality_doubt,"Received damaged and used products, poor delivery service, rejected review",
39,app_store,2026-08-28,"Highly Recommended. ⭐⭐⭐⭐⭐ Excellent experience with Myntra! The product quality was really good, exactly as shown in the pictures. The fit and material were perfect, and the delivery was quick and hassle-free. Very happy with my purchase. Highly recommended! 👍",True,95,quality_doubt,"Product quality was really good, exactly as shown in the pictures, implying that quality is a concern",
40,play_store,2026-08-28,worst app delivers expired items in festival background even to Elite customers. with no policy for refund return .,True,95,quality_doubt,"Delivers expired items, no refund or return policy",
41,play_store,2026-08-27,"earlier myntra was really helpful, they delivered on committed time but nowadays I'm really disappointed with myntra extremely poor service, last month i ordered bottom for my infant but did not receive, i ordered blazer for myself again did not receive, 3-4 days ago I ordered one kurti which is i am planning to wear on Rakhi and the kurti is supposed to be delivered today but did not receive. I want my kurti by tomorrow if it will not be received I will never ever purchase from Myntra.",True,95,delivery_uncertainty,Expressed disappointment with repeated delivery failures and poor service.,
42,app_store,2026-07-13,Beautiful piece. Worth buying for the price it’s absolutely stunning piece.,True,95,price_hesitation,Worth buying for the price,
43,youtube,2026-06-21,Please dont shop from Myntra. They sent us a duster like torn cloth instead of pantaloon rangmanch kurti. I have lost my 1300 rs.,True,95,quality_doubt,Received a defective product and is unhappy with the product quality,
44,youtube,2026-01-07,Amazing gurl ❤..i just got addicted to ur elegant look ✨️ ... Could u please let me know ur height and weight approx.....so that i could order those perfectly in sizes.....,True,95,fit_uncertainty,Reviewer wants to know size information for perfect fit,
45,app_store,2025-12-13,"Anonymous. This is by far one of the worst shopping experiences I have ever had. The app is completely unprofessional, customer service is useless, and the overall quality is extremely poor. They misguided me about the delivery timeline, and due to my visa delay, I was unable to check the dress sizes on time — a situation I clearly explained multiple times. Despite the large number of return items and the huge amount involved, the support team showed zero empathy, zero flexibility, and zero willingness to listen. They behave as if customers don’t matter once payment is done. Messages go unanswered, explanations are ignored, and they hide behind rigid policies instead of handling genuine situations responsibly. This platform is NOT customer-friendly at all. It feels like they are trained to deflect responsibility rather than solve problems. I am now stuck with expensive items that I cannot use, entirely due to their misleading information and lack of support. Even basic retail services in the UK are far more professional, ethical, and customer-oriented than this app. This experience has been nothing short of mental harassment and financial stress. I strongly warn others: DO NOT BUY from this website/app. If something goes wrong, you will be left alone with no help, no response, and no accountability. I will be formally filing complaints on the app, payment provider, and consumer protection platforms, as this level of service is unacceptable.",True,95,quality_doubt,"Poor quality, unprofessional app, and useless customer service.",delivery_refund_service_complaint
46,youtube,2025-10-01,Hey was this genuine and authentic product? Can we trust myntra for buying luxury perfumes? And what about the performance and longevity of your perfume? Please reply,True,95,quality_doubt,"Asks about product genuineness and performance, implies quality concern",
47,youtube,2024-12-22,"Ye Highlander jeans maine 299 me kharidi h myntra se kal... Bhut kharab quality h dikhne me old dikhti h, d mart k 350 jeans jaisi h bilkul fark nhi pdta tm kha se kharidtey ho, useless product h, don't waste your money on it",True,95,quality_doubt,Reviewer found the Highlander jeans to have poor quality and compared it with a similar product from D Mart.,
48,play_store,2026-08-29,Such a pathetic delivery service from Myntra. Usually it takes a minimum of 7-10 Days for delivery but it's been 1 week after my usual delivery date and still the order hasn't reached my home. Whenever I call the helpline they always need 24-48 hours to solve the problem and even after 48 hours they won't even update on our problem. Never going to use Myntra again in my life. Their delivery of products sucks. Please deliver my orders. Zero updates from customer service department.TERRIBLE MYNTRA,True,90,delivery_uncertainty,Poor delivery service and lack of updates caused dissatisfaction.,delivery_refund_service
49,play_store,2026-08-29,"My order was never delivered, but Myntra marked it as delivered. There was no OTP, no call from the delivery executive and no recipient confirmation. I repeatedly contacted customer support, but my tickets were closed without resolving the issue. Myntra now claims its internal investigation shows the order was delivered but refuses to provide any proof, calling it “confidential.”I was even asked to schedule a return, despite never receiving the product.Very pathetic service by myntra avoid this",True,90,delivery_issue,Delivery issues can cause purchase hesitation.,
50,play_store,2026-08-29,yah bahut hi bekar bekar app Abhishek se galti se bhi Saman mat mangae product jo bhi mangoge aap khud pachtaoge yah company pahle to itna achcha achcha dikhati Hai light mein aur FIR itne bekar product aate Hain ki Ham pen bhi nahin sakte isko pante hi bhikhari ki tarah lagte Hain main is per ek Shayar bhi nahin Dena chahta lekin kam se kam ektari hai isliye main kam se kam ek story de raha hun aur mera yah manana hai kis app Se kabhi bhi Saman mat khariden aap dusre app ja sakte hai,True,90,quality_doubt,"Received poor quality products, misleading product images, unhappy with the service",
51,play_store,2026-08-29,"Very disappointing experience with Myntra. We received the wrong product and raised a replacement request. The delivery guy collected it, but it never got properly updated in the system. It’s been two weeks and we still haven’t received the replacement or refund. Customer support is honestly useless. Every time it’s just “sorry” and scripted responses, but nobody actually resolves the issue. No proper update, no action, nothing. Very poor service and honesty not trustworthy",True,90,quality_doubt,"received wrong product, poor customer support",quality_doubt
52,play_store,2026-08-29,"I ordered this product from Myntra, and they delivered a product that was already around two years old. Despite contacting customer support immediately, I was first assured that a return would be arranged. After 7–8 days of repeated follow-ups, I was suddenly told that customer support has no authority to arrange the return. The communication has been completely inconsistent and disappointing.",True,90,delivery_issue,Mentioned a delivery issue and inconsistent customer support,
53,play_store,2026-08-29,"it is add free it is less expensive the products in this app are less expensive you can even buy costly items even in low price this app is so good you can rate the product and earn money cash which will be add to your wallet so that you can purchase it later discounting the money, it is simple easy to use, the dresses in this app are so gorgeous, I am so in love with Myntra, must download it",True,90,price_hesitation,can even buy costly items even in low price,
54,play_store,2026-08-29,"This service has really worst these days. Cancelling without consent, not delivering and keeping it for 2 months, no proper explanation no problem remedy from Myntra side. What I got is frustration not service",True,90,delivery_complaint,"cancelling without consent, not delivering",
55,play_store,2026-08-29,"⭐⭐⭐⭐⭐ Product bahut achha hai. Quality bhi kaafi good hai aur exactly jaisa image mein dikhaya tha, waisa hi mila. Fitting aur material dono perfect hain. Overall, product se bahut satisfied hoon. ❤️",True,90,fit_quality_price,"perfect fit, quality, and material, satisfied with the product",
56,play_store,2026-08-29,Customer service is non existent. Distraught after the useless experience. Myntra has now become the least trustworthy. No promise delivered & misleading customers.,True,90,trust_doubt,poor customer service and misleading promises,
57,play_store,2026-08-28,"I’m extremely disappointed with this experience. I received an email saying a delivery was attempted, despite never receiving a call or any communication from the delivery agent. I tried calling them multiple times using the provided PIN, but my calls were ignored. The Myntra callback was only automated with no way to reach support, and the chat keeps disconnecting. This has caused unnecessary stress, wasted my time, and disrupted my plans.I expect a clear explanation and an immediate resolution",True,90,delivery_uncertainty,"delivery issues, communication problems, and stress caused",
58,play_store,2026-08-28,worst experience ever and no support,True,90,quality_doubt,Worst experience ever and no support,
59,play_store,2026-08-28,"they are scammers fraudsters, I know ki 1 rating se tum logo ka kuch nahi hoga but agar 1 person bhi is baat ko samjh lega to mera issue describe karna worth it hoga, first of all they applied platform fee on each product when you are going to buy something then you have to pay that platform fee along with your product charge, after that agar aap us product ko return karte like size issue nd all then ye apko product charges hi return karenge platform fees nahi.",True,90,price_hesitation,"Platform fee applied on each product, return policy not customer-friendly.",
60,play_store,2026-08-28,the worst app you can use. please don't order anything from it . delivery is always late and wrong products are given the worst experience one can face. please use Amazon it's the best app. I ordered crocs worth 6k size 10 they are always sending me size 11 I have complained atleast 14-15 times. please don't ever think to buy anything from here,True,90,price_hesitation,"complained about wrong products and late delivery, prefers Amazon",complaint_with_purchase_signal
61,play_store,2026-08-28,"The watch looked great initially, but within 4 to 5 days, it started losing time due to a faulty battery. To make matters worse, the black color coating has already started peeling off. Unfortunately, by the time these issues appeared, the return window had closed. Very disappointing and poor quality product. Waste of money.",True,90,quality_doubt,Faulty battery and peeling color coating led to disappointment and wasted money.,
62,play_store,2026-08-28,myntra is now becoming fraud. they do not refund. it happened to me before. i returned a product it was showing that money has been credited to my account. but did not reflect in my account. it also gave a reference no. so i went to bank and they could not find a reference no.,True,90,price_hesitation,Myntra is perceived as a fraudulent platform due to refund issues.,
63,play_store,2026-08-28,"Poor Service The order was marked as delivered even though I never received it. I raised the issue, but no proper action or resolution was provided. Very disappointing service and poor customer support.",True,90,quality_doubt,"Poor service, order marked as delivered but not received",
64,app_store,2026-08-28,Amazing shopping store for fabrics. Amazing collection where I couldn’t find anywhere with best quality - this is the only store we have where we get amazing quality with best Prices,True,90,quality_doubt,"Best quality with best prices, implying that Myntra is the only store with such quality at affordable prices",
65,play_store,2026-08-28,totally fraud platform i ordered for a dress they s3nd a totally different product and then refused to return. saying we delivered the product you ordered. totally fraud,True,90,quality_doubt,"totally fraud platform, received different product",scam
66,app_store,2026-08-28,Hang bag. It’s really good and must buy,True,90,must_buy,Reviewer considers the product a must-buy.,
67,play_store,2026-08-27,"For starters, it took so long to process my order; when I checked, I was told it would arrive on the 27th, but then it was suddenly cancelled. I couldn't wear the clothes for the occasion I had planned for, and I’m really unhappy with my experience with Myntra this time.",True,90,occasion_mismatch,Expressed disappointment with delayed order and missed occasion.,
68,play_store,2026-08-27,good product but not long lasting,True,90,quality_doubt,"Product not long lasting, indicating quality concerns.",
69,youtube,2026-08-23,May I get the link for the top you wore In the start? ( That pastel beige),True,90,style_inspiration,wanted to know about the top worn in the video,
70,youtube,2026-08-07,Ye bahut hi bura aps h ispe mne kurti set magaya lekin myntra ne duppta missing bheja 2august ko abhi tak mera exchange nhi kia myntra ne,True,90,quality_doubt,Received a defective product and is unhappy with the exchange process,
71,app_store,2026-08-01,Amazing top. Loved this too good quality great fit. as shown in pictures,True,90,quality_doubt,Too good quality great fit,
72,youtube,2026-07-13,I have to buy this Kurti set,True,90,liked_look,"Customer wants to buy the Kurti set, indicating they like the look.",
73,app_store,2026-07-08,Very very baddd. Purchase from Flipkart ✅but don’t from Myntra❌ . Myntra deliver the product and in replace it bring another brand and didn’t replace it and decline my request,True,90,comparison_behavior,purchase from Flipkart but not from Myntra,
74,app_store,2026-06-27,"Great product. The quality of the product is too good, definitely recommend it!",True,90,quality_doubt,Quality of the product is too good,
75,youtube,2026-06-21,Please dont shop from Myntra. They sent us a duster like torn cloth instead of pantaloon eangmanch kurti. I have lost my 1300 rs.,True,90,quality_doubt,received a defective product,
76,youtube,2026-06-02,"Don’t move so fast , let the audience see the exact item clearly",True,90,fit_uncertainty,Wants to see the item clearly before buying,
77,app_store,2026-05-17,Got what I wanted. Excellent quality. Good fit.,True,90,fit_quality,Excellent quality and good fit.,
78,youtube,2026-04-17,Fabric khtam hai bhai ek dum,True,90,quality_doubt,"Mentions fabric is finished, implies quality concern",
79,youtube,2026-03-23,Myntra company ek number ka froad hai mere Sath bhi₹2607 scam kar liya Havells fan ke jagah mere ko Khaitan ka purana fan courier wala dekhe Chala Gaya aur return bhi nahin kar raha,True,90,quality_doubt,Scammed by Myntra with a fake product,
80,youtube,2026-03-22,I also received wrong product from Myntra Do not order from them No solution for wrong product delivery They are denying the request irrespective of proofs Shame on you myntra,True,90,delivery_issue,I also received wrong product from Myntra Do not order from them No solution for wrong product delivery They are denying the request irrespective of proofs Shame on you myntra,
81,youtube,2026-03-12,Bai apke link me jake check kiya lekin ye sab 3400 k kareeb ata he myntra me,True,90,price_hesitation,Product price is too high on Myntra,
82,app_store,2026-01-20,Amazing stuff with amazing discounts. I got an amazing pair of jeans on half price. Have had an amazing experience since I started using the app,True,90,price_hesitation,Mentioned 'amazing discounts' and 'half price' which indicates price hesitation,
83,app_store,2025-12-29,"Worst app and customer experience. I ordered items to my address. For one of the items I could not place a return during the return window, because the app kept showing an internal error. I raised a concern and they said they will help resolve this even if its after the return period. Now they have stopped delivering to my postcode for some reason and are giving this excuse as the reason why it cant be returned. Customer service ends the chat in a second if we dont respond, and they take ages to reply. BUGGY app and TERRIBLE customer service. Please dont use this app",True,90,quality_doubt,"App issues with returns and delivery, poor customer service.",
84,app_store,2025-12-02,Awesome. Great look and fantastic fabric,True,90,liked_look,Great look and fantastic fabric.,
85,youtube,2025-11-10,Mene socha ki chalo finally kisi ne sirf packaging kholane me time waste mahi kiya but tumne tumne bhi main product bataya hi nahi achhe se 😢😂,True,90,price_hesitation,"Mentioned that the product was not shown properly, implying price hesitation due to lack of information",
86,youtube,2025-10-30,Ye pink color ka sweater...Kitna accha lga h turant khareed lu socha...fir har ek state..district ka pincode Daal diya...not deliverable h ..behen tum kaha se ho...or kaise hi milega ye Mujhe😭,True,90,price_hesitation,Customer was interested in buying but was deterred by delivery issues.,
87,youtube,2025-10-22,"They are really premium looking suits, can you please add the links to them",True,90,quality_doubt,Doubts about quality,
88,youtube,2025-09-23,None of them are premium looking 😕,True,90,quality_doubt,Doubts about quality,
89,app_store,2025-09-12,Liked it. Bought it for my DD and I absolutely like it perfect fit and goes well with party’s,True,90,fit_uncertainty,perfect fit and goes well with parties,
90,youtube,2025-07-17,Got kurti from meesho but its quality is not good,True,90,quality_doubt,quality is not good,
91,youtube,2025-06-13,Diii aap itne aache clothes btate ho jo hum afford hi ni kr payenge 1 top 500 ka,True,90,price_hesitation,"Customer explicitly stated they cannot afford the item, indicating a price barrier.",
92,youtube,2025-06-12,Diiiii aap itne sundar sundar clothes dikhate ho vo honestly review dete ho ya fir promotion karte ho I am confused because aap intniiì sundar sundar kaha se dund late ho very pretyyyy ... I watch your videos and I have your subscriber alsoooo ❤🎉,True,90,quality_doubt,Reviewer is confused about whether reviews are genuine or promotional,
93,youtube,2025-04-21,"The moment you appeared in that gorgeous Indian ethnic dress, it was like the fabric had fallen in love with you. Every detail hugged you like it was meant to—elegant, timeless, and so breathtakingly you.✨💫",True,90,fit_uncertainty,"Reviewer admires the dress's fit on the model, implying they might be looking for similar fit.",
94,youtube,2025-03-17,Quality aur colour multiple wash ke baad hi pata chalata h mostly kapde thoday samay ke liye hi ache hote h,True,90,quality_doubt,quality and color are only visible after multiple washes,
95,youtube,2024-10-20,This cost 248 not 127 (almost double of the amount) you mentioned in your caption.,True,90,price_hesitation,The product's price is almost double of what was mentioned in the caption.,
96,youtube,2024-10-19,Ab pehen ke nahi dkhiayogi to fitings a kaise pata chalega,True,90,fit_uncertainty,The reviewer expresses concern about how the product will fit without trying it on.,
97,youtube,2024-10-05,I got a almost 3000 rs vintage jeans from myntra for 474 rs because of coupon and sale discounts,True,90,price_hesitation,Saved money with coupon and sale discounts.,
98,app_store,2026-08-28,"Office bag. I really loved this vanity bag. The quality is good, the design looks elegant, and it has enough space to keep my makeup and daily essentials organized. It is lightweight and easy to carry, making it perfect for office and daily use. Overall, a very useful and stylish bag. Totally worth the price! ❤️",True,85,price_hesitation,"Totally worth the price, implying that the reviewer was hesitant about the price but found it reasonable",
99,play_store,2026-08-28,myntra Sent me used & different colour shirts and I raised return than decline return request myntra is now doing a fraud like a fraud apps in social media platforms,True,85,quality_doubt,received used & different colour shirts,scam
100,youtube,2026-08-01,Yrr ye top available hai kahi to yrr help kro guys meri 😭 meri bestie ko cahiye,True,85,style_inspiration,wanted to buy a top for her bestie,
101,app_store,2026-07-27,"Beautiful Kurta. Excellent material, perfect match",True,85,quality_doubt,Excellent material,
102,app_store,2026-06-15,Nice one. Its a too good dress Must buy for indian styling,True,85,liked_look,Must buy for indian styling,
103,app_store,2026-04-24,"Comfortable. Quality was very nice, fabric is very soft and comfortable, usually polyester will be little rough on the skin but this is very soft.",True,85,quality,"Quality was very nice, fabric is very soft and comfortable.",
104,app_store,2026-03-20,Perfect fit. Bought for my mother and she loved the colour and the saree material. The colour is absolutely amazing (teal) and special occasion wear.,True,85,occasion_mismatch,Reviewer mentions 'special occasion wear' which implies they are concerned about occasion,
105,youtube,2025-12-27,How much did this cost. How much sale can we usually expect at big sale time?,True,85,price_hesitation,"Asks about sale prices, implies hesitation due to cost",
106,youtube,2024-10-19,"Quality looks cheap, these type of tops have soft material not polyester like this one",True,85,quality_doubt,"The product's quality looks cheap, and the material is not soft.",
107,youtube,2024-10-06,i got a 2999 rs cargo jeans from myntra for jusr 241 rs because of coupon and sale discounts and its also my first order,True,85,price_hesitation,Saved money with coupon and sale discounts on a first order.,
108,youtube,2024-09-07,Bhai ek bar wash karne par colour nikal jata hai,True,85,quality_doubt,Concern about color fading after washing,
109,play_store,2026-08-29,"I ordered a foot station brand ballerina and received a different brand. when I tried to exchange the size, the delivery agent denied the exchange as the app didn't accept the product received from them as it was a different brand and asked me to connect with the customer service loop. it is so frustrating when the customer service loop starts. why should I go in that loop when I am not responsible for the wrong brand received.",True,80,quality_doubt,"Received wrong brand, difficulty in exchanging, frustrating customer service experience",
110,play_store,2026-08-29,"worst experience today, this 30 mints and all bhai band krdo dukan apni ap bas normal 2 e days delivery hi rakho, today I wanted the delivery it got delayed and delayed for around 5 hours then got cancelled... worst experience ever I needed it after this also no reply on your email worst app",True,80,delivery_uncertainty,Delayed and cancelled delivery caused frustration.,delivery_refund_service
111,play_store,2026-08-29,don't buy anything from here they'll always manipulate you in prices but you compare to other site you'll found better price they'll will give coupon all time but it's not means price became less so don't be confused and don't try go at Ajio buy better product in good price.,True,80,price_hesitation,comparing prices with other sites like Ajio,
112,play_store,2026-08-29,Their Glam clam is literally SCAM. The moment you upload your photo they will take years to approve it so that you don't get a commission or any reward. Such a scam platform,True,80,quality_doubt,scam platform with poor photo approval process,scam_report
113,play_store,2026-08-29,A useless app my order got delayed and they gave me a fake ai call which clearly can't understand clearly terrible experience at least ajio is better,True,80,price_hesitation,comparing Myntra with Ajio,comparison_behavior
114,play_store,2026-08-29,it was great experience with myntra once I ordered a dress which I got as expected Thank you for not breaking my trust.❤️❤️❤️❤️ so much love from me,True,80,fit_uncertainty,ordered a dress which I got as expected,
115,play_store,2026-08-29,guys don't buy anything for this app. bad customer support. they don't give you attention and any solution. poor app,True,80,bad_customer_support,Customer support issues can be a purchase blocker.,
116,play_store,2026-08-29,very good app but i request you to give more discount and myncash and reduse delivery time and add grocery items,True,80,price_hesitation,requests for more discounts and faster delivery,
117,play_store,2026-08-29,I ordered a product the app cancelled the product. very bad experience.,True,80,cancelled_order,"app cancelled the product, very bad experience",
118,play_store,2026-08-29,amazing aap but prices of product is little bit high,True,80,price_hesitation,prices of product is little bit high,
119,play_store,2026-08-29,Good quality clothes with varieties and range.,True,80,liked_look,good quality clothes with varieties and range,
120,play_store,2026-08-29,soo beautiful I loved it....fabric very soft,True,80,liked_look,Found the product beautiful and loved the fabric.,
121,play_store,2026-08-29,very good quality under cheap prices,True,80,quality_doubt,Mentioned 'very good quality' which suggests a positive purchase decision,
122,play_store,2026-08-28,"The delivery experience is the worst, they will automatically cancel your order without inform you and this is not the one time scenario. Also customer care is pathetic... we are talking to the AI and never been able to resolve the issue.",True,80,delivery_issue,"Delivery experience is the worst, orders are cancelled without notice and customer care is unhelpful.",
123,play_store,2026-08-28,"Heyy..!! I'm syeda madiha I had ordered a dress from Myntra but it has not come for pickup yet and they are extending the date for 15 days. I messaged the customer care but there is no response from them, not even a call.",True,80,quality_doubt,No response from customer care after sales and delayed order pickup,
124,play_store,2026-08-28,"The worst app ever. They charge a lot, but the materials are not delivered on time. Even after raising a complaint, the issue is not resolved.",True,80,price_hesitation,"charged a lot, but materials not delivered on time",
125,play_store,2026-08-28,"This app is very bad, it does not deliver on time and gives bad product.",True,80,quality_doubt,app does not deliver on time and gives bad product,quality_doubt
126,play_store,2026-08-28,very bad customer service. No proper response from them after sales.,True,80,quality_doubt,Very bad customer service with no proper response,
127,play_store,2026-08-28,good products but color fade problem,True,80,quality_doubt,color fade problem with products,
128,app_store,2026-08-28,"Extremely Disappointing Experience with Myntra. I am extremely disappointed with my recent experience with Myntra. At the time of placing the order of athena sequined skirt… there was no clear mention of any ₹50 return fee. The only information provided was that ₹23 would be deducted as a platform fee in case of a return. However, when I actually returned the skirt, an additional ₹50 was deducted under the name of “return fee.” My concern is not simply about the amount, but about the lack of transparency. If a return fee is applicable, it should be clearly disclosed to the customer before the order is placed, not introduced at the time of return. What made the experience even worse was the customer service. Instead of addressing my concern properly, the representative behaved in a highly unprofessional manner and disconnected the call in the middle of the conversation. This is completely unacceptable for a platform of Myntra’s stature. Customers deserve clear policies, transparent charges, and respectful customer service. Unexpected deductions and such poor handling of genuine complaints seriously damage customer trust. After this experience, I have decided that I will no longer purchase anything from Myntra, nor will I recommend Myntra to anyone. A company may consider ₹50 insignificant, but for a customer, transparency and trust are far more valuable than ₹50. Extremely disappointing and unacceptable experience.",True,80,quality_doubt,Disappointing experience with return fee policy,
129,play_store,2026-08-28,"Very pathetic service and they are not taking ownership for their own issue and asking customers to wait to resolve their technical issues which is not correct behaviour as a customer supporting platform...over all satisfaction is ""0"" @myntrateam Try looking for a different platform to purchase atleast they will take the responsibility of u r valuable money. Please don't waste u r time for calling them( I have spoke with agent,escalation team and their manager and all of them have same excuse)",True,80,quality_doubt,Customer dissatisfaction with service and technical issues,service_complaint
130,play_store,2026-08-28,"Very disappointed with the return process. I requested a return over a week ago, and the expected pickup date has already passed with no update. No one has come to collect the item, and my refund is still stuck because of this delay. Such slow and unresponsive service makes it hard to trust shopping here again. Please fix this and process my return/refund immediately.",True,80,delivery_hesitation,slow and unresponsive service makes it hard to trust shopping here again,delivery_complaint
131,app_store,2026-08-28,"Worse service. I’m giving 1 star only because there is no 0-star option. My orders have been getting delayed repeatedly for the past few months, and my current order is still not delivered. This has become extremely frustrating. Other shopping apps provide much better service and delivery. Myntra seriously needs to improve its delivery service and customer experience.",True,80,delivery_service,Delayed orders and poor delivery service,
132,play_store,2026-08-28,"very bad experience with product delivery and customer care service.I have been facing exchange related issue from since a month but no one responded from customer care service.they have delivered me a product of different colour and delayed pickup and return ,now they have closed the return window despite of several mail and calls no one responded.",True,80,quality_doubt,Delivery and product issues led to exchange problems.,
133,app_store,2026-08-28,Bad. Worst app ever all my orders from last month got cancelled and some of them came different size than I ordered,True,80,quality_doubt,Received wrong size and orders were cancelled,quality_doubt
134,app_store,2026-08-28,Bold and Beautiful. Very attractive can be worn with western as well as ethnic wear.Recommended,True,80,recommended,Reviewer recommends the product for its versatility.,
135,play_store,2026-08-28,They fraudulently avoid accepting returns. Quality of clothes is also pathetic.,True,80,quality_doubt,Quality of clothes is also pathetic.,
136,play_store,2026-08-28,it's cheap plus good 😊 shoes clothes and even accessories are so beautiful ❤️❤️,True,80,price_hesitation,"Mentioned 'cheap' as a positive aspect, implying price is a consideration.",
137,play_store,2026-08-28,Sometimes we are getting duplicate items. Montra needs to take care of this.,True,80,fit_uncertainty,"Duplicate items are received, possibly due to sizing issues.",
138,app_store,2026-08-28,Review. Great dress very nyc fit u wear it n u r party ready,True,80,fit_uncertainty,"User mentions 'very nyc fit' but doesn't confirm purchase, indicating uncertainty.",
139,app_store,2026-08-28,Grt style. Product is really nice and formal look is grt,True,80,liked_look,Mentions product has great style and formal look,
140,app_store,2026-08-28,Phone sling. Good quality product and great service,True,80,quality_doubt,Good quality product,
141,play_store,2026-08-28,bohut acha aa app but bohut Price magta hai 🥲,True,80,price_hesitation,The app is good but the price is too high,
142,app_store,2026-08-28,Good quality. Comfortable this is so good,True,80,quality_doubt,Mentions good quality and comfortable,
143,play_store,2026-08-28,better than flipkart and amazon,True,80,comparison_behavior,better than flipkart and amazon,
144,play_store,2026-08-28,awesome price and good quality,True,80,price_hesitation,"Mentioned 'awesome price' as a positive aspect, implying price is a consideration.",
145,app_store,2026-08-28,Fast delivered. Great febric,True,80,quality_doubt,Mentions great fabric,
146,play_store,2026-08-28,comfortable breathable 🤌,True,80,liked_look,Reviewer liked the comfort and breathability of the product.,
147,play_store,2026-08-27,"worst app!!! i ordered an outfit from it ( 30 mins ) and it was showing 89 mins fir the outfit to be delivered, but when u checked again it was showing already delivered but i haven't received it and neither the delivery person called me plus I have paid online ( ₹511 ) for that order , now tell me where the hell is my order? I want full refund now, please take some actions on this I have already emailed, please do something either deliver my order or gave me full refund!!!",True,80,delivery_uncertainty,Expressed frustration with delayed delivery and lack of communication.,
148,play_store,2026-08-27,my order got cancelled without proper refund,True,80,refund_issue,Expressed frustration with cancelled order and lack of proper refund.,
149,youtube,2026-08-26,Which size you are wearing ???,True,80,fit_uncertainty,"Reviewer asks about the size of the product, indicating uncertainty about fit.",
150,youtube,2026-08-26,Di please make like this affordable vedio more,True,80,price_hesitation,Myntra should make affordable videos like this.,
151,youtube,2026-08-24,Can you put a review now....how is it after using for 10months?,True,80,post_purchase_experience,Reviewing after using for 10 months,
152,youtube,2026-08-17,Link for red palazo set link please,True,80,fit_uncertainty,"Reviewer asks for the link of a specific product, indicating uncertainty about fit.",
153,app_store,2026-08-15,Baggy jeans. Very very good b,True,80,price_hesitation,"no mention of price, but 'very very good' could imply a positive price-value ratio",
154,youtube,2026-08-07,Dikhata h sets lekin bhejta h missing products,True,80,quality_doubt,missing products,
155,app_store,2026-08-06,Kalini dress. Good fitting,True,80,fit_uncertainty,Good fitting,
156,app_store,2026-07-10,Lipbalm. Fantastic lipbalm for kids. Lovely colour and most importantly it’s pocket friendly,True,80,price_hesitation,pocket friendly,
157,app_store,2026-07-07,shirt. awesome pattern n fitting,True,80,fitting,liked the pattern and fitting of the shirt,
158,youtube,2026-06-24,Es saree k fabric ka kya naam h??,True,80,quality_doubt,Customer is asking about the fabric of the saree.,
159,youtube,2026-06-14,3rd and last hits different 😅❤❤❤,True,80,fit_uncertainty,Different sizes didn't fit,
160,youtube,2026-06-12,This top is very bad because this was very tight,True,80,fit_uncertainty,found the top too tight,
161,app_store,2026-05-31,polka dot top i bought is nice. amazing quality and style . overwhelmed by getting this top,True,80,price_hesitation,overwhelmed by getting this top,
162,app_store,2026-05-14,All items. Best price and quality,True,80,price_quality,Best price and quality.,
163,youtube,2026-04-17,What size of this top?,True,80,fit_uncertainty,Asking about size indicates uncertainty about fit.,
164,youtube,2026-04-17,does it come with blouse piece?,True,80,quality_doubt,Customer is asking if the saree comes with a blouse piece.,
165,app_store,2026-04-08,Great quality. Very pretty product,True,80,liked_look,Reviewer mentions 'Very pretty product' which implies they liked the look,
166,youtube,2026-04-03,"How can I get in Nepal, what is it's price?",True,80,price_hesitation,Customer is unsure about the price and wants to know how to get the product in Nepal.,
167,youtube,2026-03-31,Maine to denim tshirt mangaya tha 1399 me par tshirt ke jaga bekar sa shirt aaya,True,80,quality_doubt,Received a defective product,
168,app_store,2026-03-24,Clothing. Its super comfortable and same as shown,True,80,fit_uncertainty,Reviewer mentions 'same as shown' which implies they are concerned about fit,
169,app_store,2026-02-22,Good product. I liked the styling of the dress and colour.,True,80,fit_uncertainty,liked the styling of the dress and colour,
170,youtube,2026-02-11,250 rupees for thise saree,True,80,price_hesitation,User finds the price of the saree too high.,
171,youtube,2026-01-31,Is this available and what's it's price?,True,80,quality_doubt,Customer is asking about the availability and price of the saree.,
172,app_store,2026-01-21,Fashion. Amazing style and fit,True,80,fit_uncertainty,Mentioned 'amazing style and fit' but no clear purchase decision,
173,youtube,2026-01-04,Do you have a longer version? Cause not everybody likes crop??,True,80,fit_uncertainty,"Customer inquired about a longer version, indicating uncertainty about the current length.",
174,app_store,2025-12-29,"Moved to another platfrom. I tried using Myntra multiple times here in the UK but the app doesn't work. I wanted to order products for my family in India. While in India, I can easily use the app but not in the UK. Now I've moved to another platform, thanks to your poor support.",True,80,quality_doubt,"App doesn't work in the UK, leading to poor support.",
175,youtube,2025-12-14,Second wale ki link dedijiye plz ❤❤,True,80,liked_look,Reviewer liked the second dress,
176,youtube,2025-12-03,Shoe aur shirt ka price hi 2k hogaya tho trousers milaake 2k kaise hua??,True,80,price_hesitation,"Shoe and shirt price is too high, adding trousers makes it even more expensive.",
177,youtube,2025-11-21,2nd and yellow one ❤,True,80,liked_look,Reviewer liked the 2nd and yellow dress,
178,youtube,2025-11-18,Didi ye v blouse wear kiya ha golden penyeh readymade wala haina?? Kesa hai?? Same match krta hai kya saare se? To me bi order kru isliye shadi hai,True,80,fit_uncertainty,Uncertain about the fit of the golden blouse,
179,app_store,2025-11-14,Cool and comfortable. Cool and comfortable,True,80,fit_uncertainty,"No mention of fit uncertainty, but 'Cool and comfortable' suggests a positive experience.",
180,youtube,2025-11-14,Dark blue link please 😭,True,80,fit_uncertainty,Shopper is unsure about the fit of the dark blue link.,
181,youtube,2025-11-09,Trouser and sweater link please,True,80,comparison_behavior,"Customer asked for the link of the outfit, indicating they wanted to purchase.",
182,youtube,2025-11-04,Jo pehne ho ow kaha se liya link,True,80,comparison_behavior,"Customer asked for the link of the outfit, indicating they wanted to purchase.",
183,youtube,2025-11-03,Very very pretty dresses ❤❤❤❤,True,80,liked_look,Reviewer found dresses very pretty,
184,youtube,2025-11-01,The pants you wore give the link of that also,True,80,comparison_behavior,looking for alternative,
185,youtube,2025-10-29,Bro these are to costly😭,True,80,price_hesitation,Reviewer finds the product too costly.,
186,youtube,2025-10-13,Bhai 2 shirt ek sath order karne per ek hi packet mein aaenge ya alag order id or saler bhi same hai,True,80,fit_uncertainty,2 shirt ek sath order karne per ek hi packet mein aaenge ya alag order id or saler bhi same hai,
187,youtube,2025-10-12,Didi white dress lovely dress 👗👗👗👗👗💮💮💮💮💮🌹🌹🌹🌺🌺🌺🌷🌷🌷💐💐💐😊😊,True,80,liked_look,lovely dress,
188,youtube,2025-10-11,Blue dress link plzzz di,True,80,fit_uncertainty,"Reviewer asks for the link of a specific product, indicating uncertainty about fit.",
189,youtube,2025-09-25,Bhai myntra sa blazer Order keya delivery nahin hu rahi ha kya karoo,True,80,delivery_issue,Delivery issue with the blazer order,
190,youtube,2025-09-24,Red pallazzo short kurta link pls,True,80,price_hesitation,Looking for a cheaper option,
191,youtube,2025-09-19,Bahi app inn ko phir return karta hoo kya,True,80,return_policy,Concern about return policy,
192,youtube,2025-09-10,Jiji please messho se batvo ye to bohot mahnga hai 😢,True,80,price_hesitation,Shopper thinks the product is expensive,
193,app_store,2025-09-06,Jackit. Very nice fabric . I loved it ❤️,True,80,liked_look,I loved it,
194,app_store,2025-09-01,Blue kurta set. Comfortable nice quality,True,80,fit_uncertainty,"blue kurta set, comfortable",
195,youtube,2025-07-26,Aaone jo white wala shirt pehena h uska 🔗,True,80,comparison_behavior,Mentioned a specific product (white shirt) they want to compare,
196,youtube,2025-07-19,Cotton anarkali naam hai kya iska😮😮,True,80,fit_uncertainty,Reviewer is unsure about the name of the cotton anarkali.,
197,youtube,2025-07-11,Mujhe ek shoes ka suggestion do lightweight maine bahut Sare shoes khareed liya hai lekin samajh Nahin a Raha Kuchh acche Nahin lagte Tum batana kaun se wale Mein nb ke hi lena hai,True,80,price_hesitation,User is unsure about the quality of lightweight shoes and seeks suggestions.,
198,youtube,2025-07-11,Rupu Mujhe shoes lene hain❤ please mujhe batao na kaun se wale lu,True,80,price_hesitation,User is hesitant to buy shoes due to uncertainty about the product.,
199,youtube,2025-07-02,Ye link say ye kurti order karna hai,True,80,comparison_behavior,Customer is comparing the product with a link and wants to order it.,
200,youtube,2025-07-01,Is this sarees come with tags?,True,80,quality_doubt,Customer is asking if the saree comes with tags.,
201,youtube,2025-06-30,In your post section their's no link for this dress please give me charity,True,80,quality_doubt,"Asks for charity link, implies product quality or authenticity concern",
202,youtube,2025-06-12,Denim skirts plssss❤❤❤❤,True,80,liked_look,Reviewer likes the product and wants to save it,
203,youtube,2025-06-01,Beautiful what is the price please,True,80,price_uncertainty,Asks for price but doesn't express urgency,
204,youtube,2025-06-01,Link plz for the second kurta,True,80,fit_uncertainty,Reviewer asks for a link to the second kurta.,
205,youtube,2025-04-17,Ithinte price please,True,80,price_hesitation,"Asks for price, implies hesitation due to cost",
206,youtube,2025-04-14,Footwear link please beacuse it's seems so comfortable and i am expecting provide link,True,80,quality_doubt,Expecting a link to the comfortable footwear,
207,youtube,2025-03-01,Bhai ye shirt to maine bhi Oder ki hai,True,80,comparison_behavior,Has ordered similar item from another platform,
208,youtube,2025-02-27,Very useful video Now I want to purchase 😊,True,80,quality_doubt,waiting to decide after watching the video,
209,youtube,2025-01-04,Myntra walo k to mdm price bhi show nhi krti video me ...kyonki wo out of budget hote h 😂😂😂😂😂😂,True,80,price_hesitation,"Out of budget, unable to afford",
210,youtube,2024-10-18,Youtuber ko saste me milta hai Myntra par mujhe to sab mahnga dikhta h jaise ki pant 3000se 4000 rs ka,True,80,price_hesitation,Perceived prices as high compared to YouTube influencer prices.,
211,youtube,2024-10-15,Look at the price next keep it in mind do have we all afford 700+ rs for 1 piece # its stupidity,True,80,price_hesitation,Reviewer found the price of the product to be too high and questioned its affordability.,
212,youtube,2024-10-11,"Myntra is very cheap and provide cheap quality clothes , they charge high cost of the dresses but sends u 3rd class clothes",True,80,quality_doubt,The reviewer thinks Myntra provides cheap quality clothes.,
213,youtube,2024-10-10,Bhai maine yehi same top same colour me 350 rs ka liya hai mat batao ye sab ab 😭😭,True,80,price_hesitation,Compared the product's price to an alternative purchase,
214,youtube,2024-10-09,I got 3200 rs jeans in 389 in sale+coupon from Myntra.Its soooo beautiful ❤,True,80,price_hesitation,Saved money with sale and coupon discounts.,
215,youtube,2024-10-09,I got this top in 400 🙂 thoda sa wait karna chahiye tha.. 🤧,True,80,price_hesitation,The reviewer mentions that the product was overpriced and that they should have waited for a discount.,
216,youtube,2024-10-04,I got this top from meesho in 222 rs,True,80,price_hesitation,saved due to low price,
217,youtube,2024-06-25,Atleast show toh kr deti ki dress hai kesi ?,True,80,fit_uncertainty,Unclear about the dress's quality,
218,youtube,2024-02-06,What is this?No review nothing.Not even showing us the fit.,True,80,fit_uncertainty,Uncertainty about the product's fit,
219,youtube,2025-09-29,Aapke video se hi mne wo maroon clr saree li h❤❤,True,75,liked_look,Customer liked the maroon saree and purchased it.,
220,youtube,2023-04-07,Can you tell me what's the jeans length,True,75,fit_uncertainty,"Asking about the jeans length, indicating uncertainty about fit",
221,play_store,2026-08-29,"hangs, pictures added on reviews don't open, unable to add item in cart. button gets stuck. mostly it's buggy on pixel phone and not iphone",True,70,technical_issues,"hangs, buggy on pixel phone",
222,play_store,2026-08-29,good app for shopping but recently the AI generated models for clothing and makeup.it is ruining expirence as a customer,True,70,quality_doubt,AI generated models for clothing and makeup are ruining experience as a customer,
223,play_store,2026-08-29,"return policy is very bad ,they rejected return for some products code even product is same or original with tag",True,70,quality_doubt,"return policy is very bad, they rejected return for some products",return_policy
224,play_store,2026-08-28,"best aap for Good choice for clothes and branded fashion, but always check product reviews, size chart, seller/product details, and return eligibility before ordering",True,70,comparison_behavior,"checking product reviews, size chart, and return eligibility",
225,play_store,2026-08-28,lovely product in all respects. fabric fitting and pattern very comfortable and stylish,True,70,fit_uncertainty,"product is very comfortable and stylish, implying fit is good",
226,play_store,2026-08-28,"vry slow delivery, no response for any complain.",True,70,delivery_issue,"very slow delivery, no response for any complain",delivery_issue
227,app_store,2026-08-28,"Myntra is now losing its charm. I have been using myntra since its launch , I bought each and every garment, accessories, cloths etc from this particular application but from past one year myntra had disappointed me by its quality, service, and every time they send me wrong products. Its is very much disappointing to wait for upto 10 days and then got a wrong product . Myntra is now dealing in cheap and low quality products also this is the main reason we are suffering For sure I am going to quit myntra now",True,70,fit_uncertainty,Received wrong products,
228,play_store,2026-08-28,"On 26 they said my number was not available and cancelled the delivery, I gave an alternative number that same day and then today they cancelled the delivery again, I called them and they didn't pick up... poor delivery team.. worst delivery I ever seen, can't even give 2 marks out of 100... I am abroad but at the same address I purchase from Amazon and Flipkart and the item arrives at home correctly, this is the first time I have had such an experience. With this, I stopped deal with you.",True,70,delivery_issue,"Poor delivery team, worst delivery I ever seen.",
229,app_store,2026-08-28,Push and win. I ordered my all need from Myntra but when ever I want my reward the disappointed me all time I can’t get anything back and when I want the push and win to open its not open for me and my reward was all time say that better luck next time can you please solve this,True,70,reward_system,Difficulty with reward system and push notifications,
230,app_store,2026-08-28,Top review. The product is very nice and looks chic,True,70,liked_look,Mentions product looks chic,
231,play_store,2026-08-28,amazing quality clothes,True,70,liked_look,Amazing quality clothes,
232,app_store,2026-08-28,Amazing. Nice comfort,True,70,comfort,Reviewer mentions the product's comfort.,
233,play_store,2026-08-27,The platform fee is too high; it should be reduced.,True,70,price_hesitation,"Platform fee is too high, indicating price sensitivity.",
234,app_store,2026-08-04,Myntra fashion. Nice shirt pure cotton looks classy,True,70,wishlist_hesitation,"no urgency to buy, just likes the look",
235,youtube,2026-07-08,Link for 1st white dress plz,True,70,fit_uncertainty,Shopper is unsure about the fit of the first white dress.,
236,app_store,2026-05-10,"Hair glue. It’s really Amazing, fixes hair, with shine. I love it.",True,70,liked_product,I love it.,
237,youtube,2026-03-13,ఈ డ్రెస్ కావాలి దొరుకుతుందా 4 xl,True,70,fit_uncertainty,Checking availability of 4XL size,
238,youtube,2026-02-13,Shirt ka size kon sa or kaise pta kre k mere shirt ka saze kya hai...,True,70,fit_uncertainty,User is unsure about shirt size and wants to know how to determine it.,
239,app_store,2026-01-13,"Amazing Kaftan. When I wore this Kaftan, everyone asked me where i got it from",True,70,liked_look,Mentioned 'everyone asked me where i got it from' which indicates they liked the look,
240,app_store,2025-12-29,Iphone x. App is not working and throwing error Please resolve issue on iphone x 16.7 os version.,True,70,fit_uncertainty,"App not working on iPhone X, throwing error.",
241,youtube,2025-12-23,Thoda side se aaram se cut karke aap wapas refund bhi le sakte the 😂😂😂 lekin 😢😢😢,True,70,price_hesitation,Thoda side se aaram se cut karke aap wapas refund bhi le sakte the,
242,youtube,2025-12-18,Bro tag is not present with the product,True,70,fit_uncertainty,Missing product tag,
243,app_store,2025-12-13,plum lotion spf35. so good,True,70,liked_look,So good.,
244,youtube,2025-11-21,Myntra b bahut expensive milta hai,True,70,price_hesitation,Myntra is too expensive,
245,youtube,2025-10-30,White dress link plzzz...the starting one,True,70,comparison_behavior,looking for a white dress,
246,youtube,2025-10-13,"Aap btao na, which one should we prefer, is there any quality difference or not",True,70,quality_doubt,Asking about quality difference,
247,app_store,2025-09-26,Nice product. Comfortable and quality is good,True,70,quality_doubt,quality is good,
248,youtube,2025-09-24,Shops me isse acha mil raha h ...isse Kam price me,True,70,price_hesitation,Found a cheaper option elsewhere,
249,youtube,2025-08-14,Please send some more sobre looking suits,True,70,price_hesitation,Wants more affordable options,
250,youtube,2025-04-16,Aapne mirror kha se liya or price,True,70,price_hesitation,User is inquiring about the price of a mirror.,
251,youtube,2025-03-22,Pants ka size kya hai??,True,70,fit_uncertainty,Unclear about the pants size,
252,youtube,2025-01-10,Use the style code which is visible in the tag of the product in this video,True,70,quality_doubt,"Mentioned the style code visible in the product tag, indicating quality concern",
253,play_store,2026-08-29,"Sometimes it becomes very difficult to order from this, as soon as you go to order, the prices increase, this is a very bad thing, otherwise the shopping platform is quite good, it sends 10 out of 10 very good items.",True,60,price_hesitation,"Prices increase as soon as trying to order, otherwise good shopping platform",
254,play_store,2026-08-29,i feel like the quality is good in myntra than other,True,60,quality_comparison,feels like quality is good in Myntra than other,
255,play_store,2026-08-29,i Like myntra products🥰🥰6,True,60,liked_look,likes Myntra products,
256,play_store,2026-08-28,very good quality same as adv photo,True,60,quality_confirmed,Product quality is the same as the advertised photo.,
257,play_store,2026-08-28,I've faced this issue two times ki maine order Kara or wo bina mere tak aaye order delivered dikha rha hai ek bar order delivery boy ke ghar pe tha... or dundhne pe order mil gya after 7 days or 2nd time mere paise bhi kate or order delivery bhi ni hua and still it's showing delivered...,True,60,delivery_issue,"Order delivered but not received, payment made but order not delivered.",
258,play_store,2026-08-28,not for time delivery bat app use 10 ⭐️above Given 1⭐️,True,60,price_hesitation,"Reviewer mentions that the app uses 10 ⭐️ above, implying that the price is high.",
259,app_store,2026-08-28,Rakhi. Beautiful rakhi with delicious sweets,True,60,occasion_mismatch,Rakhi,
260,youtube,2026-08-11,Please do budget friendly dresses,True,60,price_hesitation,"Reviewer asks for budget-friendly dresses, indicating price hesitation.",
261,youtube,2026-07-11,Waaooo so preetyyyy can u please provide the link of trouser❤❤I like it❤️,True,60,liked_look,User likes the look of the trouser and wants the link.,
262,youtube,2026-06-30,Overall bhot achha outfit h...,True,60,liked_look,overall a good outfit,
263,youtube,2026-05-25,Link for first dress,True,60,wishlist_hesitation,Shopper is saving a look but hasn't made a purchase yet.,
264,youtube,2026-05-02,Ye messho par rs150 ki mil jayegi 😅,True,60,price_hesitation,Comparing prices on Meesho indicates hesitation about price.,
265,youtube,2026-03-19,I have 1st and 3rd saree... and trust me meesho is best..❤,True,60,comparison_behavior,Comparing Myntra with Meesho,
266,youtube,2026-02-12,My favourite colour and trending design,True,60,liked_look,Saves favourite colour and trending design,
267,youtube,2026-01-11,Transparent anf thin fabric,True,60,quality_doubt,"Transparent and thin fabric, uncertain about quality",
268,app_store,2026-01-09,Pullover status quo. Fits really well and looks good,True,60,fit_uncertainty,Mentioned 'fits really well' but no clear purchase decision,
269,youtube,2025-10-28,Pink Wale ka link🤌🤌🤌✨,True,60,wishlist_hesitation,saving a look,
270,youtube,2025-09-20,Pant kis size ka liya or waist ka measurement kese kiya?navel k niche se ya upar se bta do?,True,60,fit_uncertainty,Customer is unsure about the size and waist measurement of the pants.,
271,youtube,2025-07-15,Hey guys🌺 Check ‘community posts’ for the links🎀,True,60,wishlist_hesitation,Saving a look for later,
272,youtube,2025-06-13,2nd i have in lavendra coour,True,60,fit_uncertainty,"Mentioned having the same product in a different color, indicating fit uncertainty",
273,youtube,2025-06-12,Summer trousers or any set in cotton please❤,True,60,price_hesitation,"Customer asked for a cotton set, implying a preference for a more affordable option.",
274,youtube,2025-04-19,Ye sb kaha s milta dress bhai link,True,60,fit_uncertainty,User is unsure about where to find the dress.,
275,youtube,2025-04-19,Need an accessories haul too. 🥺💓,True,60,wishlist_hesitation,Wanting an accessories haul too,
276,youtube,2025-04-16,Have you bought it or got it,True,60,quality_doubt,User is asking if the product has been purchased or received.,
277,youtube,2025-02-27,Nice looking like Pakistani drama Hero ❤❤❤😂,True,60,liked_look,Saved a look from a Pakistani drama hero,
278,play_store,2026-08-28,nice tshirt for man go for it,True,50,product_recommendation,Recommends a product without explicitly stating purchase decision.,
279,app_store,2026-08-28,Awesome. Beautiful kurti.,True,50,liked_look,User expresses admiration for the product ('Beautiful kurti') but doesn't confirm purchase.,
280,youtube,2026-08-22,Link pls for all suit,True,50,fit_uncertainty,Customer is unsure about the size of the suit.,
281,youtube,2026-08-13,Ye red suit ka link Kidr h,True,50,fit_uncertainty,Customer is unsure about the size of the red suit.,
282,youtube,2026-08-08,Yellow dress link plzzz,True,50,fit_uncertainty,Customer is unsure about the size of the yellow dress.,
283,youtube,2026-01-28,I think meesho is best according to the price,True,50,comparison_behavior,Comparing Myntra with Meesho,
284,youtube,2025-06-21,Hot pink colour 🩷🩷🩷🩷,True,50,liked_look,"Hot pink colour, liked the look",
285,youtube,2025-04-14,Link of lavender dress plzzz,True,50,liked_look,User is requesting the link of a lavender dress.,
286,youtube,2025-03-15,Shirt to such me bhut achi hai ❤,True,50,liked_look,liked the shirt,
287,youtube,2026-07-13,Bhai loose fit hai ya fir straight fit,True,48,fit_uncertainty,heuristic_keep,
288,play_store,2026-08-25,always the best quality of material,True,44,quality_doubt,heuristic_keep,
289,play_store,2026-08-24,they will not refund your amount and if you contact help centre then they are like we can't refund your amount it showing delivered to you becoming worst like flipkart ig now the better app is ajio will contact in any time and refund the amount asap if any problem goes,True,44,comparison_behavior,heuristic_keep,
290,youtube,2024-08-17,"Myntra looks better than meesho. From quality to fitting everything is better than meesho one. There is a border in lower edge of the kamiz in myntra's one but none in meesho's one. Fabric texture also better in myntra. I will give quality 10/10, fitting 10/10 to myntra's one.",True,44,quality_doubt,heuristic_keep,
291,youtube,2024-08-12,"Quality natural fabric will last longer, will not disrupt your endocrine system, will not pollute the environment, and will financially support small weavers or growers (if cotton).",True,44,quality_doubt,heuristic_keep,
292,play_store,2026-08-25,good dress at good price got the bonus discount on first order loved it,True,40,price_hesitation,heuristic_keep,
293,youtube,2026-05-24,I liked this last one ❤,True,40,liked_look,"Customer expressed liking for a previous item, indicating a desire to save a look they liked.",
294,youtube,2026-03-29,First wali saree mene leke galti krdi bout common ho geyi h abi😢,True,40,fit_uncertainty,Mistakenly bought a saree,
295,youtube,2025-10-03,First time ajio sale discount is good,True,40,price_hesitation,heuristic_keep,
296,youtube,2025-04-22,Mirror ka hai sey li ya aapne,True,40,quality_doubt,User is questioning the authenticity of the mirror.,
297,play_store,2026-08-25,the photos are excellent but the product which comes ha so many fitting issues,True,30,fit_uncertainty,heuristic_keep,
298,play_store,2026-08-24,"My experience with Myntra has been really good. The app is easy to use, with a wide variety of clothing, footwear, and accessories. I especially like the filters, size options, discounts, and fast delivery. The product quality has generally been good, and the return and exchange process is also convenient. Overall, Myntra makes online shopping simple and enjoyable.",True,30,fit_uncertainty,heuristic_keep,
299,play_store,2026-08-24,I order product is size issues return my product refund is created a few minutes I really very happy myntra thank you so much I want denim maxi for 56 length pls,True,30,fit_uncertainty,heuristic_keep,
300,play_store,2026-08-24,"wrong size shirt send ed by myntra 2 times, more shirts and jeans ordered already genuinely I feel not not good by myntra",True,30,fit_uncertainty,heuristic_keep,
301,play_store,2026-08-24,Take the clothes are any other by seeing reviews and size that suits you,True,30,fit_uncertainty,heuristic_keep,
302,youtube,2026-06-15,Video mai jo dikha rhe ho unboxing krke uska size kya hai?,True,30,fit_uncertainty,heuristic_keep,
303,youtube,2026-06-08,Wash ke bad tight hogi kya???,True,30,fit_uncertainty,heuristic_keep,
304,youtube,2026-04-16,What size are you wearing ?,True,30,fit_uncertainty,heuristic_keep,
305,youtube,2025-11-27,2nd outfit was looking fire on you,True,30,fit_uncertainty,heuristic_keep,
306,youtube,2025-11-15,Size please that sweatshirt you're wearing first,True,30,fit_uncertainty,heuristic_keep,
307,youtube,2025-08-25,Pls mention siza and price 46 - size available,True,30,fit_uncertainty,heuristic_keep,
308,youtube,2025-08-22,I actually brought Kurti from Myntra 2 days before its colour fitting is bestest o love Myntra it was my first time to buy online clothes really Myntra is far better than messho why people don’t understand,True,30,fit_uncertainty,heuristic_keep,
309,youtube,2025-06-21,Nisha ji Jo aapane first product dikhaya Hai usmein se 42 size kaun sa hai,True,30,fit_uncertainty,heuristic_keep,
310,youtube,2025-06-08,Di which size is yours? small or medium?,True,30,fit_uncertainty,heuristic_keep,
311,youtube,2025-04-18,Ye saree outfit ka koi link hai,True,30,fit_uncertainty,heuristic_keep,
312,youtube,2025-04-14,Rupal I just loved how you nailed all the fits in this on this audio ❤😍,True,30,fit_uncertainty,heuristic_keep,
313,youtube,2025-04-14,Her body plays the main role with the outfits ❤❤,True,30,fit_uncertainty,heuristic_keep,
314,youtube,2025-04-14,Aap hr outfit m itne sundar kese lgte ho❤❤,True,30,fit_uncertainty,heuristic_keep,
315,youtube,2025-02-28,What size you wearing,True,30,fit_uncertainty,heuristic_keep,
316,play_store,2026-08-25,"Myntra orders are never delivered on time. They keep getting delayed, and it has been a really disappointing experience. I ordered a shirt from Myntra, and although it was delivered initially, I later requested an exchange. The new exchange order gets confirmed, reaches the delivery hub, but then it never gets delivered. This keeps happening repeatedly. Overall, my experience with Myntra has been extremely poor. The delivery service is unreliable, orders are constantly delayed, and even exchange",True,28,wishlist_delay,heuristic_keep,
317,play_store,2026-08-25,"I have been using Myntra for years, but unfortunately, their quality and professionalism have declined significantly. I recently placed an order on Myntra, but I received a product from a different brand with a similar design. I immediately placed a return request, and I was informed that the product would be picked up by the 24th. However, they are now claiming that Myntra could never make such a mistake and are refusing to pick up the product, telling me that I have to keep it.",True,28,quality_doubt,heuristic_keep,
318,play_store,2026-08-25,Just one question what's the point of giving option in Help section for calling if you don't allow the user to call? The item did not have tags when delivered and after return request because of poor quality their return policy asks for tags? Is there any process of checking for tags attached when item is getting packed?,True,28,quality_doubt,heuristic_keep,
319,play_store,2026-08-25,"I was delivered a item without price tag and quality is very cheap when I tried to returning, myntra refused to process the same .their customer support is useless . such a waste of money and customer harrasment aap myntra aap",True,28,quality_doubt,heuristic_keep,
320,play_store,2026-08-25,I ordered a floral print zouk bag but they delivered a totally black bag....and after I returned the product they even didn't initiated quick pick up and also refund which will initiated after pick up and quality check.....,True,28,quality_doubt,heuristic_keep,
321,play_store,2026-08-25,very bad experience dikhate kuch or hai delivery ghatiya quality karte hai jin product me return policy nahi hai myntra par kabhi online shopping nahi karenge bahut hi kharab experience raha I hate myntra,True,28,quality_doubt,heuristic_keep,
322,play_store,2026-08-25,bhot msttt appp hai apkkka................ achi quality k product rehte hai...........................or affordable price v rehte hai.................... ok thanku myntra g,True,28,quality_doubt,heuristic_keep,
323,play_store,2026-08-25,it's an amazing fashion experience to shop on myntra I get quality products that I want so really I like it I suggest to buy your clothes from myntra,True,28,quality_doubt,heuristic_keep,
324,play_store,2026-08-25,i have been using this app and ordered products and the quality of the product is unbelievable and also in reasonable price,True,28,quality_doubt,heuristic_keep,
325,play_store,2026-08-25,I have been using it for many years and my experience is like here we get quality products at reasonable prices.✌🏻,True,28,quality_doubt,heuristic_keep,
326,play_store,2026-08-25,mantra great app buy quality clothes shoes bueaty product ect india No1 Best app love 💕💕 mantra,True,28,quality_doubt,heuristic_keep,
327,play_store,2026-08-25,Myntra Is best platform for the Branded and quality products. I enjoy using myntra products.,True,28,quality_doubt,heuristic_keep,
328,play_store,2026-08-25,It's really good platform for shopping. Giving great offers and good quality of products,True,28,quality_doubt,heuristic_keep,
329,play_store,2026-08-25,Mantra is always my go to app for clothing. Quality products and best return services.,True,28,quality_doubt,heuristic_keep,
330,play_store,2026-08-25,very nice app product is good and quality is also very good thank you myntra,True,28,quality_doubt,heuristic_keep,
331,play_store,2026-08-25,the best & gud quality products is available in this app I loved it,True,28,quality_doubt,heuristic_keep,
332,play_store,2026-08-25,prices are a little high compared to other apps but satisfied,True,28,comparison_behavior,heuristic_keep,
333,play_store,2026-08-25,unmatched price and quality...nice experience with this app..,True,28,quality_doubt,heuristic_keep,
334,play_store,2026-08-25,the app was so nice such a great quality we found on myntra,True,28,quality_doubt,heuristic_keep,
335,play_store,2026-08-25,THE QUALITY OF THE CLOTH AND ITEMS ARE SOOO GOOD,True,28,quality_doubt,heuristic_keep,
336,play_store,2026-08-25,wonderful dress and febrics with great quality.,True,28,quality_doubt,heuristic_keep,
337,play_store,2026-08-25,very nice app and good quality for all products,True,28,quality_doubt,heuristic_keep,
338,play_store,2026-08-25,They deliver very good quality clothes,True,28,quality_doubt,heuristic_keep,
339,play_store,2026-08-25,all products super quality ❤️,True,28,quality_doubt,heuristic_keep,
340,play_store,2026-08-25,quality is very good 👍👌,True,28,quality_doubt,heuristic_keep,
341,play_store,2026-08-24,"Terrible experience – Wrong color delivered twice! I received the wrong color on my original order. Requested a replacement, but they sent the exact same wrong color again. Total waste of time and zero quality check. Very disappointed! one more thing I have to add That unbearable notification frequency. The app keeps buzzing non-stop throughout the day with sales and reminders. It’s incredibly annoying and ruins the entire user experience.",True,28,quality_doubt,heuristic_keep,
342,play_store,2026-08-24,"quality is very bad now a days previous it was very good and customer service,delivery also fast but now delay in delivery and when we try to reach customer care they simply put the call on hold no proper answer and waiting also very long",True,28,quality_doubt,heuristic_keep,
343,play_store,2026-08-24,Worse delivery service they cancelled the product by themselves and give no response deliver and very low quality product,True,28,quality_doubt,heuristic_keep,
344,play_store,2026-08-24,"Myntra has wide range of quality products,their exchange policy n return policy r upto customers satisfaction",True,28,quality_doubt,heuristic_keep,
345,play_store,2026-08-24,"really good app, using it for a long time, the price pf the items are much lower as compared to other apps",True,28,comparison_behavior,heuristic_keep,
346,play_store,2026-08-24,"amazing products of myntra, I have received an amazing saree with good quality.",True,28,quality_doubt,heuristic_keep,
347,play_store,2026-08-24,"my favourite shopping app because it maintains it's quality,thank you myntra❤️",True,28,quality_doubt,heuristic_keep,
348,play_store,2026-08-24,They provide the worst Service compared to other e-commerce sites,True,28,comparison_behavior,heuristic_keep,
349,play_store,2026-08-24,versatile options for all age groups with quality products.,True,28,quality_doubt,heuristic_keep,
350,play_store,2026-08-24,good quality but little high price but quality top class 😉,True,28,quality_doubt,heuristic_keep,
351,play_store,2026-08-24,Great shopping here. Quality matters. Myntra serve these,True,28,quality_doubt,heuristic_keep,
352,play_store,2026-08-24,U can buy best quality products at lowest prices,True,28,quality_doubt,heuristic_keep,
353,play_store,2026-08-24,awesome quality Worthy clothes Nice brands,True,28,quality_doubt,heuristic_keep,
354,play_store,2026-08-24,nice app gives premium quality products,True,28,quality_doubt,heuristic_keep,
355,play_store,2026-08-24,better than other online shopping app,True,28,comparison_behavior,heuristic_keep,
356,play_store,2026-08-24,very good app for quality shopping,True,28,quality_doubt,heuristic_keep,
357,play_store,2026-08-24,best app for finding fabric items,True,28,quality_doubt,heuristic_keep,
358,play_store,2026-08-24,good fabric and very comfortable,True,28,quality_doubt,heuristic_keep,
359,play_store,2026-08-24,good product and good quality,True,28,quality_doubt,heuristic_keep,
360,youtube,2026-08-11,Material also matter in price case,True,28,quality_doubt,heuristic_keep,
361,youtube,2026-08-10,I wanted to buy this but I'm hesitating can you please tell me if my hight is 5 feet will it look okay on me,True,28,wishlist_delay,heuristic_keep,
362,youtube,2026-05-26,Ajio is totally fake,True,28,comparison_behavior,heuristic_keep,
363,youtube,2026-05-20,Ajio me kapde ki photo kuch or kapda kuch or,True,28,comparison_behavior,heuristic_keep,
364,youtube,2026-05-13,"Flipkart is the father of all, everything is available cheaply.",True,28,comparison_behavior,heuristic_keep,
365,youtube,2026-04-18,Ajio is worst gives wrong products,True,28,comparison_behavior,heuristic_keep,
366,youtube,2026-02-24,Ye dono kurti meri wishlist m h😂😂,True,28,comparison_behavior,heuristic_keep,
367,youtube,2026-01-10,Ajio quality accha deta hai mene dono se kai bar order kiye ajio best laga ❤,True,28,quality_doubt,heuristic_keep,
368,youtube,2025-12-20,Bhai ajio se hair dryer lena safe rahega kya qki ajio mai return or exchange nhi de raha agar product damaged agaya toh kaise return karunga ??,True,28,comparison_behavior,heuristic_keep,
369,youtube,2025-12-07,Galat bol rhe ho ajio sabse best h isse affordable koi nahi clothings me,True,28,comparison_behavior,heuristic_keep,
370,youtube,2025-11-10,Di pink kurta set ka material kaisa hi,True,28,quality_doubt,heuristic_keep,
371,youtube,2025-10-25,Ye toh flipkart ka h,True,28,comparison_behavior,heuristic_keep,
372,youtube,2025-09-30,Is this a denim material?,True,28,quality_doubt,heuristic_keep,
373,youtube,2025-09-27,Ajio ka quality kaisa h,True,28,quality_doubt,heuristic_keep,
374,youtube,2025-08-13,"Meesho se quality kaafi acchi mil gayi, mujhe bhi try karna hoga 😍",True,28,quality_doubt,heuristic_keep,
375,youtube,2025-06-07,Guys buy from Myntra best pricing and quality. With easy returns 😊,True,28,quality_doubt,heuristic_keep,
376,youtube,2025-02-26,"Di full sleeves cotton kurta set ya anarkali affordable range main under 1500 plz dii mesho , myntra ya amazon plz dii",True,28,comparison_behavior,heuristic_keep,
377,youtube,2024-10-16,Quality looks so cheap,True,28,quality_doubt,heuristic_keep,
378,youtube,2024-10-06,Myntra is far better than mesho guys but sale mein kosis kre kpde lene ki mtlb rt mein😅 telegram se achha hi milega sbb quality ke sth bahiyon aur behno ❤,True,28,quality_doubt,heuristic_keep,
379,youtube,2024-08-31,"Bro price jada rhega chalega pr quality hona chahye, myntra ke kapde 4 5 years aram se chal jate h aur kapde ki quality vaise ki vaise rehti h",True,28,quality_doubt,heuristic_keep,
380,youtube,2024-08-30,"Quality difference and little colour difference , dupatta is totally different",True,28,quality_doubt,heuristic_keep,
381,youtube,2024-08-26,Material are different,True,28,quality_doubt,heuristic_keep,
382,youtube,2024-08-25,Colour is same but material is always different.myntra says cotton and sells cotton.Meesho says cotton but sends Rayon..wast different in stitch and colour..can't trust Meesho.. specially since they are growing due to low price.but they lie and cheat a lot.had few bad experience past few months,True,28,quality_doubt,heuristic_keep,
383,youtube,2024-08-15,Myntra looks high quality,True,28,quality_doubt,heuristic_keep,
384,youtube,2024-08-04,Pants are not of that quality in meesho but rate also matters 😊,True,28,quality_doubt,heuristic_keep,
385,youtube,2024-07-30,Dono ache hain fabric ka furk hai. Chanderi silk fabric mehnga ata hai,True,28,quality_doubt,heuristic_keep,
386,youtube,2024-07-28,"the quality of meesho one is definitely not that good, We can tell",True,28,quality_doubt,heuristic_keep,
387,play_store,2026-08-25,The delivery of the product is not at all satisfactory..my gift was supposed to be delivered today but it's still in transit.. I'm not satisfied at all 25.8.26 now my delivery is delayed...I wanted my rakhis to be delivered before rakhi but I don't think so...horrible app..will uninstall n never shop frm this app.... disgusting not worth even a single star,True,26,occasion_styling_mismatch,heuristic_keep,
388,play_store,2026-08-25,"Amazing products at amazing prices, easy returns and great customer services. If you want complete peace of mind just go for myntra!",True,26,price_hesitation,heuristic_keep,
389,play_store,2026-08-25,An only app in the market which make us look good to get better prices of the product,True,26,price_hesitation,heuristic_keep,
390,play_store,2026-08-25,amazing experience....value for money fantastic clothes ...at very affordable prices,True,26,price_hesitation,heuristic_keep,
391,play_store,2026-08-25,first order ki discount isthaaru but delivery cheyyaru.. lanjakodukuluu,True,26,price_hesitation,heuristic_keep,
392,play_store,2026-08-25,This site has best site for shopping. They sale good things.,True,26,price_hesitation,heuristic_keep,
393,play_store,2026-08-25,good app prompt response but a little on the expensive side,True,26,price_hesitation,heuristic_keep,
394,play_store,2026-08-25,most of the time give you on best price offer product.,True,26,price_hesitation,heuristic_keep,
395,play_store,2026-08-25,more expensive but welcome coupon caught my heart,True,26,price_hesitation,heuristic_keep,
396,play_store,2026-08-25,Amazing products at reasonable price range,True,26,price_hesitation,heuristic_keep,
397,play_store,2026-08-25,super price and product is original,True,26,price_hesitation,heuristic_keep,
398,play_store,2026-08-25,the best app for brand sales,True,26,price_hesitation,heuristic_keep,
399,play_store,2026-08-24,"it has very good collection of variety of stuff be it clothing, jwellery, bags etc along with a decent price",True,26,price_hesitation,heuristic_keep,
400,play_store,2026-08-24,To be honest I found the best thing to buy at a lower price It is very smooth and good for our uses,True,26,price_hesitation,heuristic_keep,
401,play_store,2026-08-24,Yeh app bahot accha hai per price thodi jadya hai but all over is best,True,26,price_hesitation,heuristic_keep,
402,play_store,2026-08-24,Good app for online shopping like clothing and extra discount,True,26,price_hesitation,heuristic_keep,
403,play_store,2026-08-24,With Myntra Awesome shopping and i love all discounts😍😍😍,True,26,price_hesitation,heuristic_keep,
404,play_store,2026-08-24,genuine product great discount. thank you myntra,True,26,price_hesitation,heuristic_keep,
405,play_store,2026-08-24,worthy products at the best affordable prices,True,26,price_hesitation,heuristic_keep,
406,play_store,2026-08-24,so good products at such reasonable prices...,True,26,price_hesitation,heuristic_keep,
407,play_store,2026-08-24,excellent product with this price,True,26,price_hesitation,heuristic_keep,
408,play_store,2026-08-24,very beautiful rakhi,True,26,occasion_styling_mismatch,heuristic_keep,
409,youtube,2026-04-11,What is the price for pink kurta dress,True,26,price_hesitation,heuristic_keep,
410,youtube,2026-04-11,What is the price for festival kurta,True,26,price_hesitation,heuristic_keep,
411,youtube,2026-04-10,Hu sir how much price plz,True,26,price_hesitation,heuristic_keep,
412,youtube,2026-03-11,Is there any way to reduce price i can't afford it 😢😢😢😢😢,True,26,price_hesitation,heuristic_keep,
413,youtube,2025-09-24,Premium price bhi h mam...🥲🥲🥺🥺🥹🥹🥹🥹🥹,True,26,price_hesitation,heuristic_keep,
414,youtube,2025-05-28,",nice Whar is the price",True,26,price_hesitation,heuristic_keep,
415,youtube,2025-04-25,Can I wear this to office? Does it give a formal look? Pleased do reply,True,26,occasion_styling_mismatch,heuristic_keep,
416,youtube,2025-02-28,Didi make something for wedding 😊❤,True,26,occasion_styling_mismatch,heuristic_keep,
417,youtube,2024-12-29,Price please sipping to USA,True,26,price_hesitation,heuristic_keep,
418,youtube,2024-09-08,Difference is that meesho sales replica of the original,True,26,price_hesitation,heuristic_keep,
419,youtube,2024-08-18,For middle class people like us.... price matters a lot so we don't bother much about small things. When i see this comment section i feel I'm the only poor one here😅,True,26,price_hesitation,heuristic_keep,
420,youtube,2026-08-24,https://youtube.com/shorts/u5_zUdgarzY?si=Uu4iQECaJUjKXO2r,True,24,external_research,heuristic_keep,
421,youtube,2025-12-09,https://youtube.com/shorts/eoStb-KHB9o?si=fmLJhelWlvFmVUpP,True,24,external_research,heuristic_keep,
422,youtube,2025-11-25,All videos are outstanding mai regular dekhati hu aapke video aapki youtube friend hu aapke lots of products buy karti hu,True,24,external_research,heuristic_keep,
423,youtube,2025-07-20,Hi.... Can you please post a review video for this particular watch.,True,24,external_research,heuristic_keep,
424,youtube,2026-05-07,Yellow vala accha hai,True,20,price_hesitation,"Customer mentioned 'accha hai' (good) for a yellow item, possibly implying a price consideration.",
