source,text,date
play_store,Complete fashion solutions 100 percent original,2026-08-29
play_store,trust issue with this app fake app,2026-08-29
play_store,"Myntra never disappoints! 🛍️✨ Great collection, amazing styles, and a smooth shopping experience. Definitely one of my favourite fashion apps! ❤️",2026-08-29
play_store,I have ordered an earbuds it was about to reach on 19th August I am still asking on 29 August where is my order waiting for my order for asking for cancellation but not able to cancel it as well pathetic service,2026-08-29
play_store,it is very poor in privacy and safety on my account there are back to back please order but I i don't place any order and costmar care are very lengthy and unhelpful,2026-08-29
play_store,Good App to buy,2026-08-29
play_store,worst customer service and return request policy ever. please don't use this app anymore they will trouble you like you are not valuable,2026-08-29
play_store,scamer if you return product they don't refund platform fee and cash on delivery handling charges,2026-08-29
play_store,good quality products. clothes are very comfortable,2026-08-29
play_store,"""I want to upload a video from my gallery to Myntra's Glam & Clan section. The app shows me the gallery option, but when I click on it, my gallery does not open. Please resolve this problem as soon as possible.""can't upload video on myntra glam up",2026-08-29
play_store,very good I like so much,2026-08-29
play_store,Pic in pic mode not working for myntra app,2026-08-29
play_store,Myntra terminated my account and has no respect for its customers. Would not recommend to anyone,2026-08-29
play_store,very bad response myntra not 🚫 proper time delivery product very fake,2026-08-29
play_store,very good myntra,2026-08-29
play_store,"Myntra is one of my favorite shopping apps! I've purchased so many things from here, and I've always been happy with the quality. The products are genuine, the quality is great and the delivery is super fast. I always have a wonderful shopping experience with Myntra. Highly recommend 💫",2026-08-29
play_store,nice product fast delivery,2026-08-29
play_store,"I ordered a foot station brand ballerina and received a different brand. when I tried to exchange the size, the delivery agent denied the exchange as the app didn't accept the product received from them as it was a different brand and asked me to connect with the customer service loop. it is so frustrating when the customer service loop starts. why should I go in that loop when I am not responsible for the wrong brand received.",2026-08-29
play_store,"Sometimes it becomes very difficult to order from this, as soon as you go to order, the prices increase, this is a very bad thing, otherwise the shopping platform is quite good, it sends 10 out of 10 very good items.",2026-08-29
play_store,Good Quality in Reasonable Price,2026-08-29
play_store,yah bahut hi bekar bekar app Abhishek se galti se bhi Saman mat mangae product jo bhi mangoge aap khud pachtaoge yah company pahle to itna achcha achcha dikhati Hai light mein aur FIR itne bekar product aate Hain ki Ham pen bhi nahin sakte isko pante hi bhikhari ki tarah lagte Hain main is per ek Shayar bhi nahin Dena chahta lekin kam se kam ektari hai isliye main kam se kam ek story de raha hun aur mera yah manana hai kis app Se kabhi bhi Saman mat khariden aap dusre app ja sakte hai,2026-08-29
play_store,fabulous 😍🤩 app,2026-08-29
play_store,best quality products,2026-08-29
play_store,The worst app I have ever seen the delivery service is the worst. The delivery was delayed like 5 times They always changed the date and when the delivery came I ordered shoes the box is totally crushed and the shoes are used and after the they asked review in app and I said about delivery services and primary package 📦 damaged they rejected my review and I give photos also but they not agree and the shoes 👟 also used and the customer care service also worst after this talk you using enjoy,2026-08-29
play_store,Good Quality products,2026-08-29
play_store,hi myntra shop why are you deactivated in my account,2026-08-29
play_store,worst delivery experience.. as our location doesn't show in their maps..,2026-08-29
play_store,"Delivery does not come on time, the delivery in-charge has a very poor system, do not order from this app, it is a waste of time",2026-08-29
play_store,amazing products,2026-08-29
play_store,worst shopping app no customer care service they doesn't care about their customers at all.,2026-08-29
play_store,"return policy is very bad ,they rejected return for some products code even product is same or original with tag",2026-08-29
play_store,perfect app for shopping,2026-08-29
play_store,"Very disappointing experience with Myntra. We received the wrong product and raised a replacement request. The delivery guy collected it, but it never got properly updated in the system. It’s been two weeks and we still haven’t received the replacement or refund. Customer support is honestly useless. Every time it’s just “sorry” and scripted responses, but nobody actually resolves the issue. No proper update, no action, nothing. Very poor service and honesty not trustworthy",2026-08-29
play_store,Easy to use & immediate action,2026-08-29
play_store,I like myntra but your delevery is very slow,2026-08-29
play_store,I love shopping from myntra,2026-08-29
play_store,Their Glam clam is literally SCAM. The moment you upload your photo they will take years to approve it so that you don't get a commission or any reward. Such a scam platform,2026-08-29
play_store,I'm unable to place cash on delivery order myntra person came yesterday at 11pm misbehaving delivery partner misconduct,2026-08-29
play_store,Good products easy to buy make life flexible,2026-08-29
play_store,a good platform to buy goods,2026-08-29
play_store,"⭐⭐⭐⭐⭐ Product bahut achha hai. Quality bhi kaafi good hai aur exactly jaisa image mein dikhaya tha, waisa hi mila. Fitting aur material dono perfect hain. Overall, product se bahut satisfied hoon. ❤️",2026-08-29
play_store,Good quality clothes with varieties and range.,2026-08-29
play_store,nice experience with Myntra,2026-08-29
play_store,Worst app. Delivery is not on time,2026-08-29
play_store,Absolute fraud – sent a stone instead of a perfume! Zero stars if possible. Ordered a perfume and received a literal stone in the box. How does this even pass quality control? Extremely poor service and breach of trust by Myntra.,2026-08-29
play_store,Overall Good experience.,2026-08-29
play_store,soo beautiful I loved it....fabric very soft,2026-08-29
play_store,very good n comfortable blindly follow after ordering product will reach you.,2026-08-29
play_store,best myntra ever,2026-08-29
play_store,best experience,2026-08-29
play_store,"​I love shopping on Myntra. The app is very easy to use, offers genuine brands with great discount offers, and delivery is always hassle-free!",2026-08-29
play_store,I'm very grateful from shopping on myntra 🥰🤌🏻💫,2026-08-29
play_store,suddenly my account got deactivated and the customer care is not responding to my call worst app,2026-08-29
play_store,I'm very happy with Myntra Experience🥰,2026-08-29
play_store,"It's the most user friendly app, and we get the best discounts with the best quality. Total fuss free experience!!!",2026-08-29
play_store,best app for clothing,2026-08-29
play_store,One of the worst applications I've ever seen.,2026-08-29
play_store,Fraud App....My money does not refund plz don't use this app,2026-08-29
play_store,"worst experience today, this 30 mints and all bhai band krdo dukan apni ap bas normal 2 e days delivery hi rakho, today I wanted the delivery it got delayed and delayed for around 5 hours then got cancelled... worst experience ever I needed it after this also no reply on your email worst app",2026-08-29
play_store,Such a pathetic delivery service from Myntra. Usually it takes a minimum of 7-10 Days for delivery but it's been 1 week after my usual delivery date and still the order hasn't reached my home. Whenever I call the helpline they always need 24-48 hours to solve the problem and even after 48 hours they won't even update on our problem. Never going to use Myntra again in my life. Their delivery of products sucks. Please deliver my orders. Zero updates from customer service department.TERRIBLE MYNTRA,2026-08-29
play_store,"I recently purchased this GEAR backpack, and I’m really impressed with its quality. The material feels durable and premium, and the laptop compartment has an amazing fit. Overall, it’s a great backpack and offers good value for money.",2026-08-29
play_store,awesome product....,2026-08-29
play_store,excellent platform for clothes,2026-08-29
play_store,Excellent app to buy anything,2026-08-29
play_store,satisfied every products i ordered.,2026-08-29
play_store,very good 😍 amezing online shopping 🛍️ app,2026-08-29
play_store,nice product ♥️,2026-08-29
play_store,guys don't buy anything for this app. bad customer support. they don't give you attention and any solution. poor app,2026-08-29
play_store,"My order was never delivered, but Myntra marked it as delivered. There was no OTP, no call from the delivery executive and no recipient confirmation. I repeatedly contacted customer support, but my tickets were closed without resolving the issue. Myntra now claims its internal investigation shows the order was delivered but refuses to provide any proof, calling it “confidential.”I was even asked to schedule a return, despite never receiving the product.Very pathetic service by myntra avoid this",2026-08-29
play_store,better experience,2026-08-29
play_store,Myntra always satisfies me 🤗if I talk about its fabric colour and all what is formed in images Thank you Myntra,2026-08-29
play_store,very good quality under cheap prices,2026-08-29
play_store,it's a best shopping app,2026-08-29
play_store,I swag I didn't see any app like this this app totally different i really like this and appriciate this,2026-08-29
play_store,"I ordered this product from Myntra, and they delivered a product that was already around two years old. Despite contacting customer support immediately, I was first assured that a return would be arranged. After 7–8 days of repeated follow-ups, I was suddenly told that customer support has no authority to arrange the return. The communication has been completely inconsistent and disappointing.",2026-08-29
play_store,Myntra world number 1 shoping app,2026-08-29
play_store,"My experience is very good and the product I got is also very good, this is an app that everyone should use and experience, thanks mayntra. And I am going to ask for many things.✌️",2026-08-29
play_store,very much user friendly,2026-08-29
play_store,thanks myntra team,2026-08-29
play_store,"Their delivery speed and timely updates are excellent as well as product handling, overall good customer service 👍.",2026-08-29
play_store,"My order was never delivered, but Myntra marked it as delivered. There was no OTP, no call from the delivery executive and no recipient confirmation. I repeatedly contacted customer support, but my tickets were closed without resolving the issue. Myntra now claims its internal investigation shows the order was delivered but refuses to provide any proof, calling it “confidential.” I was even asked to schedule a return, despite never receiving the product. Never use there app.",2026-08-29
play_store,delivery is getting too much delayed during festive season. poor behaviour,2026-08-29
play_store,"My order was never delivered, but Myntra marked it as delivered. There was no OTP, no call from the delivery executive and no recipient confirmation. I repeatedly contacted customer support, but my tickets were closed without resolving the issue. Myntra now claims its internal investigation shows the order was delivered but refuses to provide any proof, calling it “confidential.” I never recommended anyone to use there platform",2026-08-29
play_store,"My order was never delivered, but Myntra marked it as delivered. There was no OTP, no call from the delivery executive and no recipient confirmation. I repeatedly contacted customer support, but my tickets were closed without resolving the issue. Myntra now claims its internal investigation shows the order was delivered but refuses to provide any proof, calling it “confidential.” I was even asked to schedule a return, despite never receiving the product. Never use their platform.",2026-08-29
play_store,for shopping myntra is good for that only I have given 2 stars but when it comes to customer support it is zero there is no proper response from they myntra customer support or bpo as while ordering it showed me the order will be delivered by 27 th aug 2026 and today date is 29 still the order is not delivered,2026-08-29
play_store,they canceled the order which was out for delivery the app is not trustworthy,2026-08-29
play_store,perfect shopping app,2026-08-29
play_store,Very good and reliable shopping platform,2026-08-29
play_store,it's valuable platform for clothes.,2026-08-29
play_store,improve the packaging,2026-08-29
play_store,worst app ever. no accountability. product reached nearby hub since a week still not delivered even on promised date. no human customer supports. all bots... shows delivery failed but no delivery person came or called me. I called them many times no response. so basically no support from Myntra at all... all sham and scam.... completely disappointed and would never recommend anyone,2026-08-29
play_store,always good experience of shoping on Myntra,2026-08-29
play_store,"Honestly, this is the best app to purchase fashion items in India rn.",2026-08-29
play_store,horrible experience...in name of express delivery not get my product even after 5-6 days.,2026-08-29
play_store,A useless app my order got delayed and they gave me a fake ai call which clearly can't understand clearly terrible experience at least ajio is better,2026-08-29
play_store,good app and better facilities but some expensive 😊,2026-08-29
play_store,amazing aap but prices of product is little bit high,2026-08-29
play_store,amazing product,2026-08-29
play_store,Amazing experience❤️,2026-08-29
play_store,"hangs, pictures added on reviews don't open, unable to add item in cart. button gets stuck. mostly it's buggy on pixel phone and not iphone",2026-08-29
play_store,I love Alcis sports Nice T shirt 👍,2026-08-29
play_store,Superb. its gd to shop from here. nice collection nice colour and reasonable prices. upto u wht u want.,2026-08-29
play_store,very nice experience using myntra,2026-08-29
play_store,"This service has really worst these days. Cancelling without consent, not delivering and keeping it for 2 months, no proper explanation no problem remedy from Myntra side. What I got is frustration not service",2026-08-29
play_store,good quality products.easy return and exchange available.,2026-08-29
play_store,good products.....,2026-08-29
play_store,i never face any issue while placing an order.,2026-08-29
play_store,woww very nice app🤗🥰,2026-08-29
play_store,very good app but i request you to give more discount and myncash and reduse delivery time and add grocery items,2026-08-29
play_store,worst app they not good service,2026-08-29
play_store,the best shopping app,2026-08-29
play_store,i Like myntra products🥰🥰6,2026-08-29
play_store,all time good 😊,2026-08-29
play_store,best shopping i have ever received,2026-08-29
play_store,very good application,2026-08-29
play_store,"This app is really amazing and easy to use. The interface is simple, smooth, and user-friendly. Everything works properly without any major issues. I really like the features and overall experience. The app is useful, fast, and reliable. Definitely worth trying and highly recommended!",2026-08-29
play_store,Great Experience,2026-08-29
play_store,Fast and good Product,2026-08-29
play_store,it was great experience with myntra once I ordered a dress which I got as expected Thank you for not breaking my trust.❤️❤️❤️❤️ so much love from me,2026-08-29
play_store,it's very good app,2026-08-29
play_store,fantastic love the app,2026-08-29
play_store,Best clothing app🔥,2026-08-29
play_store,"it is add free it is less expensive the products in this app are less expensive you can even buy costly items even in low price this app is so good you can rate the product and earn money cash which will be add to your wallet so that you can purchase it later discounting the money, it is simple easy to use, the dresses in this app are so gorgeous, I am so in love with Myntra, must download it",2026-08-29
play_store,good app for shopping but recently the AI generated models for clothing and makeup.it is ruining expirence as a customer,2026-08-29
play_store,tooo much good forvdress,2026-08-29
play_store,it delivery time is so late,2026-08-29
play_store,"worst shopping app ever. I have ordered 5 products, delivery got delayed and delayed and then when I cancelled it, they just put the label ""refunded"", I did not even receive my money back. customer care don't care for customers",2026-08-29
play_store,good product quality is 😊 good,2026-08-29
play_store,myntra very good and fast service I like it,2026-08-29
play_store,verry good 👍👍👍👍👍👍,2026-08-29
play_store,A good product helps to find this app,2026-08-29
play_store,I ordered a product the app cancelled the product. very bad experience.,2026-08-29
play_store,absolutely pathetic interface and a lousy support/help desk!,2026-08-29
play_store,best amazing 👏 🤩,2026-08-29
play_store,i am verey Happy as a customer your service is good to customers keep it and i hope you can make fast delivery to customers,2026-08-29
play_store,this is good aap,2026-08-29
play_store,i feel like the quality is good in myntra than other,2026-08-29
play_store,best place eone stop shopping,2026-08-29
play_store,a brilliant app,2026-08-29
play_store,don't buy anything from here they'll always manipulate you in prices but you compare to other site you'll found better price they'll will give coupon all time but it's not means price became less so don't be confused and don't try go at Ajio buy better product in good price.,2026-08-29
play_store,Customer service is non existent. Distraught after the useless experience. Myntra has now become the least trustworthy. No promise delivered & misleading customers.,2026-08-29
play_store,nice app for fashion,2026-08-28
play_store,awesome app for shopping,2026-08-28
play_store,product same as shown on app,2026-08-28
play_store,"best aap for Good choice for clothes and branded fashion, but always check product reviews, size chart, seller/product details, and return eligibility before ordering",2026-08-28
play_store,many items and different brands available. ossum collection,2026-08-28
play_store,very good quality product nice app,2026-08-28
play_store,myntra sells genuine products.,2026-08-28
play_store,best shopping app for clothing 😍,2026-08-28
play_store,very nice product for this online shopping app,2026-08-28
play_store,superb delivery.. very good quality.. all products on Myntra are reliable,2026-08-28
play_store,"The delivery experience is the worst, they will automatically cancel your order without inform you and this is not the one time scenario. Also customer care is pathetic... we are talking to the AI and never been able to resolve the issue.",2026-08-28
play_store,"""I really like the Myntra app! It is very easy to use. The delivery is always fast, and the clothes are good quality. Highly recommended!""",2026-08-28
play_store,very good quality same as adv photo,2026-08-28
play_store,it's clothes and products were great,2026-08-28
play_store,hassle free shipping and hassle free delivery. very nice,2026-08-28
play_store,"bahut achha app hai, achha discount milta hai or offer",2026-08-28
play_store,nice and easiest for every necessary fashion wear,2026-08-28
play_store,very good response,2026-08-28
play_store,"This app is very bad, it does not deliver on time and gives bad product.",2026-08-28
play_store,"vry slow delivery, no response for any complain.",2026-08-28
play_store,it's my favourite Shopping App its really good 👍👍👍 awesome 💯💯💯💯,2026-08-28
play_store,surprisingly...I had a great experience shopping..,2026-08-28
play_store,very nice app and quality products,2026-08-28
play_store,"The worst app ever. They charge a lot, but the materials are not delivered on time. Even after raising a complaint, the issue is not resolved.",2026-08-28
play_store,worrest delivery service,2026-08-28
play_store,Always good experience with myntra - good quality great styles 🫶🏻💙💚,2026-08-28
play_store,lovely product in all respects. fabric fitting and pattern very comfortable and stylish,2026-08-28
play_store,Very nice app 👍☺️,2026-08-28
play_store,good products but color fade problem,2026-08-28
play_store,"Trustworthy, Quality, Easy delivery, Genuine products, Everything is 10/10 in Myntra",2026-08-28
play_store,"I’m extremely disappointed with this experience. I received an email saying a delivery was attempted, despite never receiving a call or any communication from the delivery agent. I tried calling them multiple times using the provided PIN, but my calls were ignored. The Myntra callback was only automated with no way to reach support, and the chat keeps disconnecting. This has caused unnecessary stress, wasted my time, and disrupted my plans.I expect a clear explanation and an immediate resolution",2026-08-28
play_store,worst shopping app didn't get orders shipped already 3 days before didn't get orders till now,2026-08-28
play_store,very bad customer service. No proper response from them after sales.,2026-08-28
play_store,usuallt good experience except few instances.,2026-08-28
play_store,worst experience ever and no support,2026-08-28
play_store,my first experience is very good from myntra I am satisfied,2026-08-28
play_store,"Heyy..!! I'm syeda madiha I had ordered a dress from Myntra but it has not come for pickup yet and they are extending the date for 15 days. I messaged the customer care but there is no response from them, not even a call.",2026-08-28
play_store,good app for online purchase,2026-08-28
play_store,amazing experience quality of product are also good,2026-08-28
play_store,"very bad experience with product delivery and customer care service.I have been facing exchange related issue from since a month but no one responded from customer care service.they have delivered me a product of different colour and delayed pickup and return ,now they have closed the return window despite of several mail and calls no one responded.",2026-08-28
play_store,genuine products,2026-08-28
play_store,great experience products worth every penny,2026-08-28
play_store,it's a classical wall clock. Received timely in good condition. I love the design and colour.,2026-08-28
play_store,amazing experience with myntra,2026-08-28
play_store,myntra is now becoming fraud. they do not refund. it happened to me before. i returned a product it was showing that money has been credited to my account. but did not reflect in my account. it also gave a reference no. so i went to bank and they could not find a reference no.,2026-08-28
play_store,always very nice experience with myntra,2026-08-28
play_store,"Myntra is a great app for shopping for clothes, footwear, accessories, and more. The collection is huge, with plenty of brands and styles to choose from, and the app is easy to navigate. The ordering and delivery experience has been smooth, and the products are generally well packed and as described. I also like the discounts and offers available. Overall, a convenient and reliable platform for online fashion shopping. Highly recommended!",2026-08-28
play_store,Super shopping great savings style and quality everything in an affordable price fashionable too,2026-08-28
play_store,myntra I jest love you and I order every Thing for you,2026-08-28
play_store,nice tshirt for man go for it,2026-08-28
play_store,very very very good I am happy with services,2026-08-28
play_store,exhalent service and product,2026-08-28
play_store,Great experience till now ☺️,2026-08-28
play_store,"Absolutely love these Mynta shoes! ❤️ Super stylish, comfortable, and classy. Highly recommended! ⭐⭐⭐⭐⭐",2026-08-28
play_store,"incompetent devs. I am unable to login my old account. I login with the exact same phone number and everything is blank, no data, no previous orders shown, nothing. upon adding my email in account details it says account already exists. then why don't you give option to login with email. seems like the devs got their job with donation.",2026-08-28
play_store,unique always ❤️,2026-08-28
play_store,best product hai,2026-08-28
play_store,"⭐⭐⭐⭐⭐ “Great shopping experience on Myntra! Product quality was excellent, delivery was quick, and everything was exactly as expected. Definitely a reliable platform for online shopping.”",2026-08-28
play_store,its really good,2026-08-28
play_store,fantastic experience and best part is so affordable price and offers discounts..makes us happy ☺️☺️,2026-08-28
play_store,awesome experience...,2026-08-28
play_store,very feasible and intrigueing app for shopping,2026-08-28
play_store,that's good app.,2026-08-28
play_store,excellent shopping app,2026-08-28
play_store,good experience,2026-08-28
play_store,"Very pathetic service and they are not taking ownership for their own issue and asking customers to wait to resolve their technical issues which is not correct behaviour as a customer supporting platform...over all satisfaction is ""0"" @myntrateam Try looking for a different platform to purchase atleast they will take the responsibility of u r valuable money. Please don't waste u r time for calling them( I have spoke with agent,escalation team and their manager and all of them have same excuse)",2026-08-28
play_store,love this app forever ♾️,2026-08-28
play_store,myntra quality best,2026-08-28
play_store,Obviously The Top Notch Fashion Platform,2026-08-28
play_store,best app for cloths sopping 👺🍌🥀,2026-08-28
play_store,very good experience,2026-08-28
play_store,Maine dot and key lip balm order Kiya tha bohot achha tha,2026-08-28
play_store,bahut achha platform hai,2026-08-28
play_store,myntra is very good online shopping app nice product 👌 👍👍,2026-08-28
play_store,very good app nice product are dilevered,2026-08-28
play_store,Good platform for shopping 🛒🛍️,2026-08-28
play_store,best fashion e-com app compare with others.,2026-08-28
play_store,"nice products , quick delivery",2026-08-28
play_store,"excellent app for online shopping and fashion ,clothes and daily using accessories",2026-08-28
play_store,bohot acha app h mujhe 90 rupey ka off bhi mila,2026-08-28
play_store,Delivered good product,2026-08-28
play_store,"arrival of the ordered item, bang on time super.",2026-08-28
play_store,"weak customer support, when connecting they assign some AI assistant that is aweful, what happen to real human customer care executives, orders getting delayed, delivery boys barely responding.",2026-08-28
play_store,good product and best Service,2026-08-28
play_store,"An absolute go-to app for fashion shopping! The interface is clean, easy to navigate, and offers a massive variety of clothing, footwear, and lifestyle brands. Delivery is usually on time, and the hassle-free exchange and return policy makes online shopping completely stress-free. Highly recommended!",2026-08-28
play_store,Myntra is a good app,2026-08-28
play_store,"best quality product ke liye thank you myntra,",2026-08-28
play_store,mara account deactivate kar diya!,2026-08-28
play_store,very good product,2026-08-28
play_store,it is a nice website and app to buy your favourite cloths and others things,2026-08-28
play_store,nice app express delivery available,2026-08-28
play_store,costumer support is a joke ...,2026-08-28
play_store,"best app for shopping, especially i have got the best items of wardrobe from here. I you have to do shopping, you can definitely prefer myntra. Myntra is the best app for shopping till date.",2026-08-28
play_store,NICE AND CUTE PRODUCT AND FAST DELIVERY,2026-08-28
play_store,"this is my first and last shopping app , it's so enjoyable to use easy to use and even purchase tooo , I really love this app highly recommended..",2026-08-28
play_store,best app for shopping,2026-08-28
play_store,"nice app , returns & refund are fast af-",2026-08-28
play_store,best app for online soping,2026-08-28
play_store,app is good easy to use wide range of products,2026-08-28
play_store,nice shopping app and this app delivery fast and responsive,2026-08-28
play_store,super fashion app for all stages best to use,2026-08-28
play_store,the worst app you can use. please don't order anything from it . delivery is always late and wrong products are given the worst experience one can face. please use Amazon it's the best app. I ordered crocs worth 6k size 10 they are always sending me size 11 I have complained atleast 14-15 times. please don't ever think to buy anything from here,2026-08-28
play_store,Good App easily got,2026-08-28
play_store,3rd class app.. play games with customer's effort and time,2026-08-28
play_store,The shopping experience very good purchasing me suitable items for the good quality fast delivery communication thank you Myntra,2026-08-28
play_store,bohut acha aa app but bohut Price magta hai 🥲,2026-08-28
play_store,worst app delivers expired items in festival background even to Elite customers. with no policy for refund return .,2026-08-28
play_store,worst service ever .... totally fed up from this app or website.....,2026-08-28
play_store,"“Great app, easy to use, fast service, and very user-friendly experience.”",2026-08-28
play_store,worst e commerce app I have seen till now they take 10 days to deliver a thing and without any proper tracking and phone calls or messages and had a worst experience in my city gorakhpur hub I have their to collect my own order and they are finding my order and after 1 hours of waiting they said that looks like your order is packed may be or be with delivery agent we will inform you later and then the next day product has been cancelled and they the product has been lost..... not even 1 star,2026-08-28
play_store,amazing quality clothes,2026-08-28
play_store,"Poor Service The order was marked as delivered even though I never received it. I raised the issue, but no proper action or resolution was provided. Very disappointing service and poor customer support.",2026-08-28
play_store,I ordered a mustache face wash and I received a duplicate product. and I complain about it and call the customer service they told me we can't do anything for you on this order. and it was my fast myntra order. useless customer service.,2026-08-28
play_store,One of the best shopping apps ever.,2026-08-28
play_store,Crazy shopping app...I really appreciate the app interface and it's coustomer care ... prompt reply and problem solving time ... excellent 👍,2026-08-28
play_store,some time they made me irritate,2026-08-28
play_store,best app for shopping trust and authentic,2026-08-28
play_store,I am very happy yo this app,2026-08-28
play_store,immaculate... I'm really happy with this app. I've never seen more efficient shopping app like this before,2026-08-28
play_store,"user friendly app ,unique collections and smart delivery",2026-08-28
play_store,They fraudulently avoid accepting returns. Quality of clothes is also pathetic.,2026-08-28
play_store,"On 26 they said my number was not available and cancelled the delivery, I gave an alternative number that same day and then today they cancelled the delivery again, I called them and they didn't pick up... poor delivery team.. worst delivery I ever seen, can't even give 2 marks out of 100... I am abroad but at the same address I purchase from Amazon and Flipkart and the item arrives at home correctly, this is the first time I have had such an experience. With this, I stopped deal with you.",2026-08-28
play_store,fast growing online fashion platform,2026-08-28
play_store,satisfaction guaranted,2026-08-28
play_store,fast delivery...nice and genuine products,2026-08-28
play_store,I've faced this issue two times ki maine order Kara or wo bina mere tak aaye order delivered dikha rha hai ek bar order delivery boy ke ghar pe tha... or dundhne pe order mil gya after 7 days or 2nd time mere paise bhi kate or order delivery bhi ni hua and still it's showing delivered...,2026-08-28
play_store,"they are scammers fraudsters, I know ki 1 rating se tum logo ka kuch nahi hoga but agar 1 person bhi is baat ko samjh lega to mera issue describe karna worth it hoga, first of all they applied platform fee on each product when you are going to buy something then you have to pay that platform fee along with your product charge, after that agar aap us product ko return karte like size issue nd all then ye apko product charges hi return karenge platform fees nahi.",2026-08-28
play_store,very bad experience with myntra,2026-08-28
play_store,badhiya app hai,2026-08-28
play_store,really amazing. quality products at budget friendly price ☺️☺️,2026-08-28
play_store,good for everything,2026-08-28
play_store,Good shopping app,2026-08-28
play_store,Hi guys my honest feedback about Myntra is just a Manthra in my shopping lifestyle. this app is just an amazing experience I got it. I just loved it. ♥️,2026-08-28
play_store,good app for purchasing selfcare items !!,2026-08-28
play_store,"myntra is a very good shopping app , authentic brands are delivered very nice myntra 👍😍😍",2026-08-28
play_store,"I placed an order that was supposed to be delivered on the 27th, but it’s already the 28th and your tracking page still says, “We will deliver your order as soon as possible.” Pathetic service—there’s not even anyone available to register a complaint. You have completely ruined my Raksha Bandhan plans. Extremely disappointing and unacceptable. Thankyou for such great Service Myntra",2026-08-28
play_store,it's cheap plus good 😊 shoes clothes and even accessories are so beautiful ❤️❤️,2026-08-28
play_store,Best app for fashion,2026-08-28
play_store,awesome price and good quality,2026-08-28
play_store,very trusted app...,2026-08-28
play_store,best quality product 😉,2026-08-28
play_store,"The watch looked great initially, but within 4 to 5 days, it started losing time due to a faulty battery. To make matters worse, the black color coating has already started peeling off. Unfortunately, by the time these issues appeared, the return window had closed. Very disappointing and poor quality product. Waste of money.",2026-08-28
play_store,one of the best app,2026-08-28
play_store,Quality is very good service of Myntra is also good,2026-08-28
play_store,excellent product quality,2026-08-28
play_store,best app for fashion,2026-08-28
play_store,delivery delayed,2026-08-28
play_store,every product has perfect quality,2026-08-28
play_store,It is a very good app for shopping,2026-08-28
play_store,very helpful app,2026-08-28
play_store,very gorgeous saree,2026-08-28
play_store,love this shopping 🛍 app,2026-08-28
play_store,good delivers geniune product.,2026-08-28
play_store,product quality is so nice.,2026-08-28
play_store,better than flipkart and amazon,2026-08-28
play_store,all products are beautiful and comfortable.,2026-08-28
play_store,totally fraud platform i ordered for a dress they s3nd a totally different product and then refused to return. saying we delivered the product you ordered. totally fraud,2026-08-28
play_store,Quality clothes,2026-08-28
play_store,This is good app for online shopping this app shows original brand,2026-08-28
play_store,Prompt delivery and excellent quality of products,2026-08-28
play_store,myntra Sent me used & different colour shirts and I raised return than decline return request myntra is now doing a fraud like a fraud apps in social media platforms,2026-08-28
play_store,Irresponsible platform with useless AI customer service. Delayed shipment and no responsibility of it taken by them.No human support which could understand your issue. There is always a risk of lossing your item and they no way take responsibility.,2026-08-28
play_store,best shopping aapp,2026-08-28
play_store,I never have seen this type of delivery ever I dint receiving even my order at time later it going to be Canceled I'm not suppose to take this,2026-08-28
play_store,very bad services,2026-08-28
play_store,comfortable breathable 🤌,2026-08-28
play_store,good ap products are good,2026-08-28
play_store,not for time delivery bat app use 10 ⭐️above Given 1⭐️,2026-08-28
play_store,Exceptionally good,2026-08-28
play_store,very good app to use,2026-08-28
play_store,good nice product,2026-08-28
play_store,ossome purchaing exprince,2026-08-28
play_store,"“I had a great experience using Myntra. The app is easy to use, the products have a good variety, and the overall shopping experience is smooth and convenient. Highly recommended!”",2026-08-28
play_store,over price on this app,2026-08-28
play_store,fashion guys worth this app,2026-08-28
play_store,one of the finest e commerce for clothing and electronics gadgets,2026-08-28
play_store,Good experience,2026-08-28
play_store,very good experience. always get the best quality of clothes.,2026-08-28
play_store,very good nice product quality very nice,2026-08-28
play_store,very good 👍👍👍👍👍👍,2026-08-28
play_store,"Very disappointed with the return process. I requested a return over a week ago, and the expected pickup date has already passed with no update. No one has come to collect the item, and my refund is still stuck because of this delay. Such slow and unresponsive service makes it hard to trust shopping here again. Please fix this and process my return/refund immediately.",2026-08-28
play_store,I love myntra because I received good product like showing on the app,2026-08-28
play_store,"Great collection, excellent product quality, and fast delivery. The app is easy to use, and the products are exactly as shown. Definitely recommended for a smooth and reliable online shopping experience!",2026-08-28
play_store,great experience,2026-08-28
play_store,nice app specially their beauty finds are awesome..,2026-08-28
play_store,Sometimes we are getting duplicate items. Montra needs to take care of this.,2026-08-28
play_store,discounts are awsome,2026-08-28
play_store,The platform fee is too high; it should be reduced.,2026-08-27
play_store,"I am extremely disappointed with your service. I placed an order 10 days ago, and the item has still not been delivered. Additionally, your support team promised a refund within 20 minutes, but I have not received it yet. Kindly update me on the status of my refund immediately.💔😭",2026-08-27
play_store,it's not opening there is no open option for the application,2026-08-27
play_store,good product but not long lasting,2026-08-27
app_store,"Gorgeous. Design the fitting, clothes everything is perfect. Just love it",2026-08-28
app_store,Man baggy loose fit. Best quality products,2026-08-28
app_store,Good product. Good product,2026-08-28
app_store,Good quality maintenaning. Good,2026-08-28
app_store,Amazing shopping store for fabrics. Amazing collection where I couldn’t find anywhere with best quality - this is the only store we have where we get amazing quality with best Prices,2026-08-28
app_store,Experience. As of now I’ve smooth experience with this aap since I’m using,2026-08-28
app_store,"Highly Recommended. ⭐⭐⭐⭐⭐ Excellent experience with Myntra! The product quality was really good, exactly as shown in the pictures. The fit and material were perfect, and the delivery was quick and hassle-free. Very happy with my purchase. Highly recommended! 👍",2026-08-28
app_store,"Myntra is my complete shopping mall. Good clothes, good variety and absolutely great UI/UX experience",2026-08-28
app_store,Sangria. Excellent,2026-08-28
app_store,"Office bag. I really loved this vanity bag. The quality is good, the design looks elegant, and it has enough space to keep my makeup and daily essentials organized. It is lightweight and easy to carry, making it perfect for office and daily use. Overall, a very useful and stylish bag. Totally worth the price! ❤️",2026-08-28
app_store,"One of the worst customer service. One of the worst customer service. There’s no proper solution when the order gets cancelled from their side, its always the customer who has to re order the item by paying again meanwhile the cancelled order’s refund takes 5 days.",2026-08-28
app_store,Not useful!!. They gave me so much issue for one single product.,2026-08-28
app_store,Benefit. Every time I got nice offers,2026-08-28
app_store,Phone sling. Good quality product and great service,2026-08-28
app_store,Sanjay. Excellent product,2026-08-28
app_store,Good service. Great products and nice experience,2026-08-28
app_store,Be Aware. Very Bad app don’t purchase any thinks,2026-08-28
app_store,Rakhi. Beautiful rakhi with delicious sweets,2026-08-28
app_store,thanku. very nice,2026-08-28
app_store,Super. Mind blowing t shirt,2026-08-28
app_store,Rakhi. Very nice,2026-08-28
app_store,"Super. Happy very reasonable prices, and it’s comfortable to do shopping in Myntra, and the quality of products is very good",2026-08-28
app_store,Awesome. Best shopping exp so far,2026-08-28
app_store,"Worse service. I’m giving 1 star only because there is no 0-star option. My orders have been getting delayed repeatedly for the past few months, and my current order is still not delivered. This has become extremely frustrating. Other shopping apps provide much better service and delivery. Myntra seriously needs to improve its delivery service and customer experience.",2026-08-28
app_store,Product review. I am very satisfied customer of Myntra,2026-08-28
app_store,Push and win. I ordered my all need from Myntra but when ever I want my reward the disappointed me all time I can’t get anything back and when I want the push and win to open its not open for me and my reward was all time say that better luck next time can you please solve this,2026-08-28
app_store,"Best shopping app. To be frank, am a regular customer of myntra. The platform is easy to use, offers attractive discounts, and the products quality is outstanding. I am fully satisfied with the service and will continue purchasing.",2026-08-28
app_store,Myntra means trust. You can order anything from there—you’ll receive good products. 😊,2026-08-28
app_store,Excellent. Trussed app,2026-08-28
app_store,Gud. Nice shopping experience,2026-08-28
app_store,Best purchase. Love the product,2026-08-28
app_store,Awesome. Very comfortable,2026-08-28
app_store,Best stuff and best website maintained ever...!! Love it 😍. best solution to all my occasions… Myntra !!,2026-08-28
app_store,Fav app. Myntra is always best and trustable app,2026-08-28
app_store,Swift services. Products are good.. collection is huge.. easy process,2026-08-28
app_store,"Myntra is now losing its charm. I have been using myntra since its launch , I bought each and every garment, accessories, cloths etc from this particular application but from past one year myntra had disappointed me by its quality, service, and every time they send me wrong products. Its is very much disappointing to wait for upto 10 days and then got a wrong product . Myntra is now dealing in cheap and low quality products also this is the main reason we are suffering For sure I am going to quit myntra now",2026-08-28
app_store,Fabulous Fabric. Awesome,2026-08-28
app_store,Effective cost and excellent quality. Have ordered one shirt it’s really Effective cost and excellent quality,2026-08-28
app_store,Best quality. Always prefer myntra,2026-08-28
app_store,Nice app. It’s good experience,2026-08-28
app_store,Awesome. Nice shirt!,2026-08-28
app_store,Saree. Very pretty,2026-08-28
app_store,Nice online store. Good shopping experience,2026-08-28
app_store,"Extremely Disappointing Experience with Myntra. I am extremely disappointed with my recent experience with Myntra. At the time of placing the order of athena sequined skirt… there was no clear mention of any ₹50 return fee. The only information provided was that ₹23 would be deducted as a platform fee in case of a return. However, when I actually returned the skirt, an additional ₹50 was deducted under the name of “return fee.” My concern is not simply about the amount, but about the lack of transparency. If a return fee is applicable, it should be clearly disclosed to the customer before the order is placed, not introduced at the time of return. What made the experience even worse was the customer service. Instead of addressing my concern properly, the representative behaved in a highly unprofessional manner and disconnected the call in the middle of the conversation. This is completely unacceptable for a platform of Myntra’s stature. Customers deserve clear policies, transparent charges, and respectful customer service. Unexpected deductions and such poor handling of genuine complaints seriously damage customer trust. After this experience, I have decided that I will no longer purchase anything from Myntra, nor will I recommend Myntra to anyone. A company may consider ₹50 insignificant, but for a customer, transparency and trust are far more valuable than ₹50. Extremely disappointing and unacceptable experience.",2026-08-28
app_store,Good. Good App cheap products less delivery fees and fast delivery,2026-08-28
app_store,Ultimate Quality. Ultra light weight and comfortable,2026-08-28
app_store,Giva earrings. Fabulous earrings,2026-08-28
app_store,Good. Beautiful,2026-08-28
app_store,App is not working. Poor app and CsE,2026-08-28
app_store,Useful. Got clear pictures and details,2026-08-28
app_store,Block buster. Good products at affordable prices,2026-08-28
app_store,Great quality products. 👍 👍 Great quality product,2026-08-28
app_store,Hi. Excellent …. as expected,2026-08-28
app_store,Bad. Worst app ever all my orders from last month got cancelled and some of them came different size than I ordered,2026-08-28
app_store,Unexpected happiness. Fast delivery,2026-08-28
app_store,"fashion,skincare. very nice",2026-08-28
app_store,Amazing. Nice comfort,2026-08-28
app_store,Loved it😘. Always happy and satisfied with u Myntra🥰🥰🥰,2026-08-28
app_store,Vlogging Devang. Best Myntra App,2026-08-28
app_store,Hang bag. It’s really good and must buy,2026-08-28
app_store,Bold and Beautiful. Very attractive can be worn with western as well as ethnic wear.Recommended,2026-08-28
app_store,myntra shoping. good products,2026-08-28
app_store,Very good service totally worth. Everything okay highly recommended,2026-08-28
app_store,Ucg make fool. Not providing any money,2026-08-28
app_store,Fast delivered. Great febric,2026-08-28
app_store,Top review. The product is very nice and looks chic,2026-08-28
app_store,Grt style. Product is really nice and formal look is grt,2026-08-28
app_store,Good quality. Comfortable this is so good,2026-08-28
app_store,Very nice. very good,2026-08-28
app_store,"Nice app. I really like using Myntra app. It is very easy to use and all products are shown clearly. There are many options in clothes, shoes and accessories for boys, girls and kids. The quality of products is very good and prices are also reasonable. Delivery is fast and packaging is nice. If we don’t like something, return process is also simple and refund comes on time. I also like the discounts and offers which help to save money. Overall, Myntra is a very good and trusted shopping app",2026-08-28
app_store,"Loved the app😍. My stress for going out for shopping is now reduced due to this app, loved it very nice products available",2026-08-28
app_store,Best. Best app to shop,2026-08-28
app_store,Review. Great dress very nyc fit u wear it n u r party ready,2026-08-28
app_store,interface. Amazing app with best collection and authenticity,2026-08-28
app_store,Awesome. Beautiful kurti.,2026-08-28
app_store,Excellent. Outstanding,2026-08-28
app_store,Good. Nice design,2026-08-28
app_store,Review for my college back. Using it for 4 years still my college bag is in the best quality. Thank you Myntra❤️❤️,2026-08-28
app_store,Caps. One of the best app you can get fashion item And the best part is we get all items genuine,2026-08-28
app_store,Cheaters. Idiots intead of cheating customers just stop the app,2026-08-28
app_store,Sale is awsum.prices are reasonable. Excellent,2026-08-27
app_store,"Forcing Customer for Return Charges. Received a completely wrong and damaged product instead of what I ordered. To make things worse, when I tried to return it, Myntra deducted a ₹50 return fee and is only allowing an exchange, not a refund. Why should a customer pay a penalty for the seller's mistake? Extremely disappointed with this unfair policy",2026-08-27
app_store,Puma sliders. Sliders are really good and comfortable to walk all Day long,2026-08-27
app_store,Happy. Dependable and trustworthy,2026-08-27
app_store,h. useless application n worst service from other apps,2026-08-27
app_store,Great product. Very nice product. Comfortable fitting,2026-08-27
app_store,"Great. Been using Myntra for many years seamless process right from ordering, delivery and Return is very easy and quick.",2026-08-27
app_store,Myntra’s customer service is worst. Worst customer service,2026-08-27
app_store,Not delivered product on time. Worst app didn’t delivered my order on time no calls no replies no accountability,2026-08-27
app_store,Wow. It’s very good quality,2026-08-27
app_store,Worth the buy. Awesome,2026-08-27
app_store,Product. Product not delivered same,2026-08-27
app_store,Nice collection. Very Good Product,2026-08-27
app_store,Great options!. Keep it up😃,2026-08-27
app_store,Anita. Good quality boxers,2026-08-27
app_store,Very good 👍. Perfect fitting,2026-08-27
app_store,Good. Best shopping app,2026-08-27
app_store,Mac mehr. Too good Perfect pink for all kinda skin Thanks Myntra and Mac,2026-08-27
app_store,Awesome. Febric is too good,2026-08-27
app_store,Must buy product. Worth money & worth buying too loved the product must buy,2026-08-27
app_store,Myntra love. I really excited for first order discount price please shopping in this app❤️,2026-08-27
app_store,Order parsal. Good nice fast,2026-08-27
app_store,"Got Scammed. Ordered a body wash with the expiry date mentioned as 31 Jul 2027, but received one expiring in the next 4 months. After contacting support, I was told that, according to their policy, they cannot return or replace products that are still within their expiry date, even if only one day is remaining. So you’re expected to use a product that may not be finishable before expiry. What’s worse, the expiry shown on the product page was much longer than the actual product received. If this is their policy, it basically allows false advertising by showing a longer expiry date and then refusing returns or replacements for near-expiry products.",2026-08-27
app_store,Good service. Trying fully to retain customer,2026-08-27
app_store,Good. Very nice app and easy.,2026-08-27
app_store,"Complain. Fraud company I order a mac moisturiser which is showing deliver on 27/08/2026 but same was not delivered , but company has updated in his record order has been delivered . I was never expecting such kind of act from Myntra . I will not use Myntra which has spoiled my Rakhi festival because it was a gift. Do not trust Myntra at all use only cod instead of pre payment .",2026-08-27
app_store,Good. Good overall experience so far. For clothing specially I vome to Myntra only.,2026-08-27
app_store,Myntra. Very convenient and quick,2026-08-27
app_store,Love this app i think this platform batter anathor appp. Good,2026-08-27
app_store,Review. One of the best app.,2026-08-27
app_store,Awesome. Purely elegant,2026-08-27
app_store,Sling bag. Amazing,2026-08-27
app_store,Good one. Good one,2026-08-27
app_store,Good quality. The quality of the article is very good.Very comfortable and beautiful dress.,2026-08-27
app_store,Best quality of product. best quality of product,2026-08-27
app_store,Nice kurta. Amazing color Worth the price,2026-08-27
app_store,Jovees powder nice. Good Quality product,2026-08-27
app_store,Best for clothing. Best quality and affordable clothes available,2026-08-27
app_store,"Nice casual shirt!. Nice fabric and nice fit and ofcorse, a great brand!",2026-08-27
app_store,Excellent ✌️. Excellent ✌️,2026-08-27
app_store,Gurwinder. Super product,2026-08-27
app_store,Loving it. Perfect,2026-08-27
app_store,Fashion. Good products and pocket friendly,2026-08-27
app_store,Suit. Excellent quality,2026-08-27
app_store,Good. Comfortable shoe,2026-08-27
app_store,Laptop bag. Good bag at affordable price. Myntra is the best place for branded products.,2026-08-27
app_store,Top notch. Great UI when compared with a lot of other shopping apps,2026-08-27
app_store,S khan. Very nice in good price,2026-08-27
app_store,Good. Outstanding,2026-08-27
app_store,Baggy jeans. Me Myntra se ek jeans mangaayi thi 732 rupe ki vo 3rd class jeans thi to mene usse return kr diya ab he Myntra wale mera refund nhi de rhe hai or ab to jeans bhi gyi or paisa bhi ye app bilkul bakwas hai,2026-08-27
app_store,Good. Loved the collection,2026-08-27
app_store,"Nice quality, colour is not baby pink. Super quality",2026-08-27
app_store,Excellent. All products are great,2026-08-27
app_store,I’m loving it. Amazing app,2026-08-27
app_store,Excellent. Worth for money. Great experience with Myntra. Trust worth myntra.,2026-08-27
app_store,Always Favourite. Thanks Myntra for better services 🥰👍🥰🥰,2026-08-27
app_store,Always good. Delivery speed,2026-08-27
app_store,"My favourite. All time fave , easy, comfortable, best quality, and best 😍",2026-08-27
app_store,"Bella Vita Skai Aquatic. Really impressed with Bella Vita Skai Aquatic. The fragrance is crisp, breezy, and very refreshing without being overwhelming. Perfect for daily office wear and warm days. Totally worth the price!",2026-08-27
app_store,Review. Nice product ls,2026-08-27
app_store,Good. Best tops,2026-08-27
app_store,Myntra. This app is product is best and quality thank uh myntra,2026-08-27
app_store,To good. Pure cotton and comfortable fabric,2026-08-27
app_store,Website and ordering process. Nice and very good navigation,2026-08-27
app_store,My forever purchasing app. Best app for gud quality products + reasonable price,2026-08-27
app_store,Overall. Good items and good quality,2026-08-27
app_store,Shaurya Gupta. Good app for shopping,2026-08-27
app_store,Master. Liked a much to shopping every time,2026-08-27
app_store,Good. Double good,2026-08-27
app_store,Tanya Rastogi. Best app for shopping☺️,2026-08-27
app_store,Awesome app for shopping. Excellent 🤩,2026-08-27
app_store,Never Buy. Pathetic service never buy any product from Myntra! I recently buy a shoe from Myntra on 18/08/2026 and the shoe yut not delivered after 8 days 🤮,2026-08-27
app_store,Superb. I love this app,2026-08-27
app_store,Super. Excellent,2026-08-27
app_store,Very good. Good,2026-08-27
app_store,Good purcheses. Always check the brand ans seller. You won't regret. Overall reliable,2026-08-27
app_store,Myntra. Good quality products available in Myntra,2026-08-27
app_store,Saree. Very nice,2026-08-27
app_store,Comfortable Cotton NightWear. The colour and fit along with comfort all are top notch,2026-08-27
app_store,Deepshikha. Nice,2026-08-27
app_store,Love it. Just love it,2026-08-27
app_store,"Good app, but needs changes. Some changes like delivery dates and immediate order, cancellations updates should be developed aside from that. This is a great app for shopping",2026-08-27
app_store,Dress. Nice dress,2026-08-27
app_store,Lipstick. Very nice product,2026-08-26
app_store,Review. Best app for shopping,2026-08-26
app_store,Maybelline foundation compact. Very nice perfect shade for me,2026-08-26
app_store,Very nice. Best,2026-08-26
app_store,Delivery problems. They are very bad at delivering products despite delayed don’t have customers support. Very much disgusting from Myntra couldn’t expected.,2026-08-26
app_store,Nice platform to shop anything anywhere. Great experience,2026-08-26
app_store,Fragrance. Awesome and lovable….,2026-08-26
app_store,"Worst experience. I had a worst experience with myntra, i had placed an order for the shoes, apparently the delivery partner tried to scam and I have not received the product yet. Payment has already been done for 5k. They are just delaying.",2026-08-26
app_store,Awesome. Very good app,2026-08-26
app_store,Good quality. Good quality,2026-08-26
app_store,Lipstick. Mst buy very pretty shade,2026-08-26
app_store,Fraud ecommerce. I ordered some clothes on 13th august… the delivery was about to happen on 19th… but on the day of the delivery i was told that the delivery was cancelled due to technical issues… and i was assured that it would be delivered soon…on 24th I contacted the customer service and asked them that if they cannot deliver then get the order cancelled and refund me my money… they said it would be done within 24hrs… today is 27th… asked customer service about the refund and they told me the same thing that the problem would be resolved by 24 hrs… the company is a fraud…,2026-08-26
app_store,Yonex HyUltra Badminton Shoes. Nice bright orange colour .Perfect snug fit .I love these shoes .,2026-08-26
app_store,A. Good service,2026-08-26
app_store,Best platform. Best Fashion platform,2026-08-26
app_store,Awsm. Nice shop,2026-08-26
app_store,Excellent. Everything here is exceptional ❤️,2026-08-26
app_store,Great for everyday wear. Soft cotton and great fit for everyday wear,2026-08-26
app_store,H&m skirt. Pretty,2026-08-26
app_store,One of the best shopping app. I loved the quality of the products that I have purchased till date,2026-08-26
app_store,Excellent. Nice 🫶,2026-08-26
app_store,Super. Very nice,2026-08-26
app_store,Review. Excellent,2026-08-26
app_store,"Don't suggest. Many fake products are available here, and whenever we try to talk about any problem, the service gets even worse. No one response properly.",2026-08-26
app_store,Socks. Excellent product,2026-08-26
app_store,Perfume. Awesome,2026-08-26
app_store,H&M stripe cotton T-shirt for baby boy. Awesome product very comfort for kids and it’s very chic to wear for day outing and for evening event.,2026-08-26
app_store,Perfume. Fragrance so good,2026-08-26
app_store,Cosmetics and clothes. Everything is wonderful,2026-08-26
app_store,Amazing. Diversification of options Reasonable pricing across Awsome,2026-08-26
app_store,Ordered shoes. Myntra is absolute perfect platform to make a purchase customer friendly,2026-08-26
app_store,Hnm bag. Very good,2026-08-26
app_store,best shopping app. this app provides prompt refund service… and they have options more than other apps,2026-08-26
app_store,Very nice dress. Awesome looking dress at low price,2026-08-26
app_store,Best of the bests app. Myntra app was goooood app earlier I used to buy everything without hesitation but now online shop is saying that if u return u will be charged ₹50 on each return. I think this make this app worst app.,2026-08-26
app_store,Meenal. It was really amazing and quality is also good 😍,2026-08-26
app_store,"My personal Market place. I have stopped going to malls since around 7-8 years and buy all my stuff from Myntra due to ease of shopping, easy returns and replacements and hassle free experience",2026-08-26
app_store,Delivery. Really great experiance with Myntra i have ordered 25th August and delivery date shows 27th August But product delivered at 26th august almost within 24hr Great,2026-08-26
app_store,Shoes. Awsm quality same like the image,2026-08-26
app_store,Shoes. Excellent,2026-08-26
app_store,Best website ever. Ek no website with good icon and easy interface,2026-08-26
app_store,"A.D.s makeup kit. Thank you so much! I saw the order two days ago, and you delivered it to me so quickly. I really appreciate it. ❤️",2026-08-26
app_store,"Very Very Good Experience…Thanks Myntra…. The Myntra is very very trustworthy about their product quality, delivery, return, refund and exchange too. And now they are also offering Myntra Cash by lucky coupons. Wow..It’s overall very good experience.",2026-08-26
app_store,Customer service. Customer service are very poor,2026-08-26
app_store,Trimmer. Good price with a branded product love it and got this lowest price only at Mintra store great!!!,2026-08-26
app_store,Mangalsutra Review. Good product,2026-08-26
app_store,"Products of Myntra are very good. Whatever products we order from Myntra are very good quality , specially clothes",2026-08-26
app_store,Good quality. Very good product,2026-08-26
app_store,Blue dress. Quality fabric worth buying,2026-08-26
app_store,"Convenient. Myntra has a 2 day delivery, which is very convenient",2026-08-26
app_store,Good. Nice products,2026-08-26
app_store,Comfort. Cool comfy /perfect in isummer,2026-08-26
app_store,Good quality. Nice,2026-08-26
app_store,Product & service. On time delivery,2026-08-26
app_store,Gillette razor A good product. Good,2026-08-26
app_store,Myntra the best. Best online shoping platform,2026-08-26
app_store,Wonder full story. I am so happy,2026-08-26
app_store,"Metro Man Sendil. Very nice look Black colour always royal Very comfortable nice festival look , wearing all ready to go Nice packing smooth delivery Thank you brand metro Special thanks myntra 🤝🩴",2026-08-26
app_store,Fast and trusted. My trusted go to shopping place! Hassle free exchange return and shop,2026-08-26
app_store,Genuine product. Great app,2026-08-26
app_store,Nice quality. Original brand ♥️💯,2026-08-26
app_store,Lots of fake products. They sell a lot of fake products and there are lots of issues for refund,2026-08-26
app_store,"Better than other ekart side. Delivery , customer care all services are good.",2026-08-26
app_store,Gloss lip gloss. Very nice product,2026-08-26
app_store,"Genuine deals. Genuine products with great offers , Myntra is the first app I go to if want to look for something",2026-08-26
app_store,Nice. Nice nd heavy suit,2026-08-26
app_store,"Delivery issues. Very disappointing experience with Myntra. I have been waiting since **21 August**, and my order still has not been delivered. On top of that, no proper solution or resolution is being provided despite waiting for so long. This is not the first time I’ve faced such an issue—earlier, one of my ordered items was also not delivered without any proper reason or explanation. Repeated delays, missing items, and no proper resolution are extremely frustrating. Myntra seriously needs to improve its delivery and customer support service and take responsibility for such issues.",2026-08-26
app_store,Love Myntra. Favourite shopping destination always Fitting is perfect,2026-08-26
app_store,Awesome. Quality of stuff is so good,2026-08-26
app_store,"Worst and sad reality of so called best shopping app in india. Myntra has officially become the worst online shopping experience I’ve ever had. They assured me multiple times that my product exchange was available. I even have audio recordings of customer support asking me to wait and promising a resolution. After making me wait for days, they suddenly called and denied the exchange altogether. This isn’t a mistake — it’s misleading customers, wasting their time, and then refusing to honor commitments. Never trusting Myntra again. Consumers deserve better than false assurances and scripted apologies. #Myntra #MyntraSupport #CustomerExperience #ConsumerRights",2026-08-26
app_store,Nice app. Nice experience,2026-08-26
app_store,Good in quality. Natural colour,2026-08-26
app_store,Best shopping app. Best quality products,2026-08-26
app_store,Pantaloons glitter perfume. I tried this perfume once on the pantaloon store and since then I couldn’t resist re buying it and keeping its stock full at home. Must buy,2026-08-26
app_store,Best app overall. Best for online shopping,2026-08-26
app_store,Quality n Service. Good quality with good service,2026-08-26
app_store,Loved it. My go to app for online shopping,2026-08-26
app_store,Shopping app. A good one stop shopping app for everything you need for home to wear and comfort,2026-08-26
app_store,Sandhir. Nice app,2026-08-26
app_store,"Customer care is very poor. I faced too much problem in having my return get picked up. I’m really disappointed with Myntra on this thing. They need to improve on this matter. Otherwise, they can lose the customers like me who will be facing problems.",2026-08-26
app_store,Excellent App ❤️. Love shopping on Myntra. Great collection and smooth experience!” 😊✨,2026-08-26
app_store,Lalit. Best online shopping platform,2026-08-26
app_store,Awesome 🥰. Superb material and nice fit,2026-08-26
app_store,T shirt. Good experience,2026-08-26
app_store,"Bought a dress of M size. It was so good experience shopping here. , so do experience it by buying",2026-08-26
app_store,Great. I really like the shoes looking awesome.,2026-08-26
app_store,Application running slow. Application is nowadays very slow browsing,2026-08-26
app_store,You get the variety. I like it,2026-08-26
app_store,This best summer jacket. Sub protect best jacket,2026-08-26
app_store,Great fit I’m 5’4 shirt size is 39. Awesome,2026-08-26
app_store,Top notch product. I’m so impressed by this excellent product.,2026-08-26
app_store,Best for fasion n home too. Best discount i got,2026-08-26
app_store,Awesoooooome. Nice1,2026-08-26
app_store,"Excellent service. Fast delivery, exchange and return",2026-08-25
app_store,Happy customer. Best app for shopping,2026-08-25
app_store,Super🫶🏼. Its very beautiful kurti 🥰 thank you Myntra,2026-08-25
app_store,Shopping with Myntra. Just wow,2026-08-25
app_store,Good. Comfartebal,2026-08-25
app_store,Swiss Beauty concealer. I have been using it for 3years straight! It is really good. Highly recommended!,2026-08-25
app_store,Awesome. The quality was exceptional Worthiness to price,2026-08-25
app_store,Best shopping experience. Their products are such nice quality,2026-08-25
app_store,Worth for money. Must buy,2026-08-25
app_store,Good For Online Shopping. Quality is much better and discount or Fast Delivered,2026-08-25
app_store,Great product. Great product,2026-08-25
app_store,Shopping. Amazing,2026-08-25
app_store,Worst delivery. Worst delivery experience,2026-08-25
app_store,Review. Authentic platform to shop,2026-08-25
app_store,Excellent store. always high quality products,2026-08-25
app_store,Best app. Best shopping app quality products,2026-08-25
app_store,Maybe line lipstick. Best for all time,2026-08-25
app_store,Good app. Good collection,2026-08-25
app_store,"It’s a very good experience, a wonderful product and high-quality products. Super experience.. Thank you Myntra 😍😍",2026-08-25
app_store,Lovely 😍. Very comfortable bra,2026-08-25
app_store,Mind blowing. All time my favourite thank you Myntra,2026-08-25
app_store,Nice jeans very comfortable. Very nice fabric,2026-08-25
app_store,"Myntra best app. Best app for genuine products , fast delivery and lowest prices",2026-08-25
app_store,Myntra_NYC RA🧣🕴🏻. Budget friendly world🧖🏻‍♂️,2026-08-25
app_store,awesome. quality is good,2026-08-25
app_store,Thank you. Myntra never disappoints,2026-08-25
app_store,Very good dress. So beautiful and l love it 😍😍,2026-08-25
app_store,Delivery failed. not delivered any item again ang again failed without any reason,2026-08-25
app_store,Shopping happiness. Superb 👌,2026-08-25
app_store,"Always happy to buy from Myntra. Genuine products ,easy returns and exchange",2026-08-25
app_store,It was great. It was great,2026-08-25
app_store,Super. Very good,2026-08-25
app_store,Good one. I liked it good one,2026-08-25
app_store,Best online app. Best online app for all,2026-08-25
app_store,Superb App.. Superb App,2026-08-25
app_store,"Great. Love the size, design😍♥️",2026-08-25
app_store,Can’t upload the review of the product. Please help,2026-08-25
app_store,Amazing. Awesome Thankyou Myntra,2026-08-25
app_store,Great app. Great app,2026-08-25
app_store,"Superb services. Stuff is up to the best,Keep it up excellent work",2026-08-25
app_store,Best for men’s looks. Fitting looks fabulously,2026-08-25
app_store,MayankUpadhyay0710. Absolutely loving it,2026-08-25
app_store,Rakhi. This pack is so worth the money.,2026-08-25
youtube,https://www.wishlink.com/share/naaan3,2026-02-26
youtube,May I get the link for the top you wore In the start? ( That pastel beige),2026-08-23
youtube,Ak pal k liye lga Alakh panday sir ki wife h😂,2025-11-21
youtube,Nice collection ❤,2026-01-04
youtube,Yrr ye top available hai kahi to yrr help kro guys meri 😭 meri bestie ko cahiye,2026-08-01
youtube,You didn't posted link for this top on telegram or whatsapp😢,2025-10-22
youtube,"so much problem to get the link, i mean u can just put it in the description, then we can say thats a helpful video",2026-01-15
youtube,Is this for summer ?,2026-05-19
youtube,What's her full name?,2026-05-11
youtube,Pls share link in pinned comment I couldn't find it anywhere bcz there's nothing posted,2026-02-26
youtube,"Hi nikita, Can you please resend the link as i cant find it on whatsapp channel?",2025-12-04
youtube,❣beautiful ❤️😘🔥💞💖,2025-09-01
youtube,Checked all telegram post this top is nowhere,2026-01-15
youtube,Plz recommend tops for chubby people,2026-03-05
youtube,50 rs nu mali jay evu chhe😂,2026-07-05
youtube,Where will I get the link,2026-06-08
youtube,Coupen code provide please,2026-01-05
youtube,Gives the link of the top,2026-05-30
youtube,What size of this top?,2026-04-17
youtube,Didn't find the linkk?????,2026-01-06
youtube,Ye messho par rs150 ki mil jayegi 😅,2026-05-02
youtube,Di please Link share kr dijiye n,2026-02-22
youtube,Dude just tell the search code,2026-05-10
youtube,WhatsApp channel where?,2026-01-01
youtube,Is it from h&m??,2025-11-19
youtube,Plz share the link the pin comment link is not opening,2026-03-16
youtube,Link please can't find,2025-09-14
youtube,What is your telegram channel???,2025-11-20
youtube,This top is very bad because this was very tight,2026-06-12
youtube,🩵🩵🩵🩵🩵🩵🩵🩵🩵🩵🩵🩵🩵🩵🫂🤜🏼🤛🏼🤜🏼🤛🏼,2026-07-19
youtube,https://youtube.com/shorts/u5_zUdgarzY?si=Uu4iQECaJUjKXO2r,2026-08-24
youtube,Lastwala frock best hai❤❤❤,2025-09-26
youtube,You are looking very preety and it seems u reduced weight also,2025-08-25
youtube,All videos are outstanding mai regular dekhati hu aapke video aapki youtube friend hu aapke lots of products buy karti hu,2025-11-25
youtube,First white dress ka link please di kr dijiye send,2025-10-12
youtube,Please silver dress ka link share kr dijiye,2026-06-16
youtube,Awesome 💯 collections,2025-08-26
youtube,2nd pink dress was awesome,2025-12-01
youtube,2nd pink colour dress nahi hai didi 😢,2025-09-17
youtube,Blue white wala achsha he please link,2026-03-29
youtube,First front cover priperly okay,2025-12-27
youtube,Link white dress first one,2026-01-06
youtube,Dark blue link please 😭,2025-11-14
youtube,Link for 1st white dress plz,2026-07-08
youtube,2nd pink dress ki link dijiye,2026-07-24
youtube,Jo phni h uska link bhejo,2026-01-16
youtube,White dress ka Link,2025-10-31
youtube,My sweet baby 👌👌,2025-08-25
youtube,Link for first dress,2026-05-25
youtube,Link for first white dress,2026-06-17
youtube,Link kaise milega,2025-11-04
youtube,Ma'am ur height plz,2026-06-19
youtube,Silver dress link,2026-06-29
youtube,They are sending just wrong product and when you exchange they will not send your order back they will not refund your money also,2025-11-21
youtube,Pink is not showing,2026-07-09
youtube,It’s advise be careful there is better platforms where you can shop like Nayka and all but Myntra just fraud,2025-11-21
youtube,Ye bilkul v sahi aps nhi h myntra pe ada adhura saman bhejta h Or jb missing k cmpln karo to ye log bekuf bnata h 2 august ko mene odr mgaya myntra ne ada adura products bheja lekin abhi tak ye log mera products vaps nhi kie vry bd myntra,2026-08-07
youtube,Myntra is fraud don’t shop from this,2025-11-21
youtube,Nice and you can see my account for beautiful frocks like this,2026-07-02
youtube,इनको एडवर्टाइज करने के पैसे मिले हैं इनके बहकावे में मतआना कोई बहुत बड़ा फ्रॉड चल रहा है mintra पर,2026-01-15
youtube,Mintra फ्रॉड है mintra फ्रॉड है mintra फ्रॉड है mintra फ्रॉड है mintra फ्रॉड है mintra फ्रॉड है mintra फ्रॉड है mintra फ्रॉड है mintra फ्रॉड है mintra फ्रॉड है मेरा पैसा खा गया खाली डब्बा भेजा था मुझे न तो समान भेजा न मेरा पैसा वापस किया 😢😢,2026-01-15
youtube,https://youtube.com/shorts/eoStb-KHB9o?si=fmLJhelWlvFmVUpP,2025-12-09
youtube,Dil se happy birthday myntra #myntra,2026-02-26
youtube,Happy birthday myntra 🎉,2026-02-26
youtube,Myntra is vry bd online shop pesa leta hai pura products ka or bhejta hai ada products pr jab cmpln karo to koi response nhi dikhata hai kuch or or bhejta h kuch or,2026-08-07
youtube,Es saree k fabric ka kya naam h??,2026-06-24
youtube,Where shop found,2025-08-04
youtube,Blouse link please,2026-07-26
youtube,Is this sarees come with tags?,2025-07-01
youtube,does it come with blouse piece?,2026-04-17
youtube,Is this available and what's it's price?,2026-01-31
youtube,1st sarre price ❤,2025-06-23
youtube,Myntra se acha to meeshu hai cmsekam agar missing products bhejta hai to turant exchng karta hai ye myntra to bekuf banata hai,2026-08-07
youtube,Myntra online are super thiefs.....They book order take money & do not deliver .....BE AWARE & NEVER ORDER ON MYNTRA,2025-08-08
youtube,250 rupees for thise saree,2026-02-11
youtube,Ye video banane wali may dimag ki kami hai tabhi to adhuri video banai😅,2024-04-16
youtube,Use the style code which is visible in the tag of the product in this video,2025-01-10
youtube,goods products colours nice 👍 ❤,2024-10-04
youtube,Mene socha ki chalo finally kisi ne sirf packaging kholane me time waste mahi kiya but tumne tumne bhi main product bataya hi nahi achhe se 😢😂,2025-11-10
youtube,Superbb ty dude ❤️,2023-06-13
youtube,What is this?No review nothing.Not even showing us the fit.,2024-02-06
youtube,Aache se puri jeans rho dekha do video mein 🙂,2023-10-08
youtube,Bhai ek bar wash karne par colour nikal jata hai,2024-09-07
youtube,Link provide plssssss,2024-06-27
youtube,Jeans ka link chahiye bhaiya,2024-07-05
youtube,Link do bhaiii 👀🫀,2024-08-10
youtube,Can you tell me what's the jeans length,2023-04-07
youtube,Bhaiya jeans ka kya name h,2024-07-05
youtube,Fabric Cotton hai,2023-10-13
youtube,Bhai Jhoota ka line send Karo na bhai,2024-09-21
youtube,Purchase Link ???,2025-01-04
youtube,Isase bdhiya toh main footpath wali jeans ki shop se le aau,2024-03-20
youtube,Mujhe 502 me mila,2024-11-30
youtube,"Ye Highlander jeans maine 299 me kharidi h myntra se kal... Bhut kharab quality h dikhne me old dikhti h, d mart k 350 jeans jaisi h bilkul fark nhi pdta tm kha se kharidtey ho, useless product h, don't waste your money on it",2024-12-22
youtube,Give liknk bro ?,2024-10-28
youtube,Ladki ka jeans hain 😂😂,2024-09-27
youtube,Look at the price next keep it in mind do have we all afford 700+ rs for 1 piece # its stupidity,2024-10-15
youtube,Ladki ka hai bhai,2024-02-03
youtube,I got it in 449,2025-10-11
youtube,Gali Dene ka man kis kis ko kar raha h wo like kare 🤬🤬🤬🤬🤬🤬🤬🤬🤬🤬🤬,2023-12-26
youtube,Yeh review hai ??🙄,2023-10-31
youtube,Koi pagal he hoga jo is video ko dekh ke lega pura video toh hai he nhi yh,2024-06-23
youtube,dhone ke baad colour jata hai kya bhaiya,2023-03-23
youtube,Link and your hip size ?,2023-04-27
youtube,सबसे घटिया भी दे देते है ओरिजनल के नाम पर 😂😂,2025-04-21
youtube,DressBerry Women Stunning Blue Mid-Rise Flared Cropped Stretchable Jeans (thank me later),2024-08-24
youtube,Song name please??,2024-03-06
youtube,Waaooo so preetyyyy can u please provide the link of trouser❤❤I like it❤️,2026-07-11
youtube,Plss make a tutorial on how do u edit ur videos,2025-09-10
youtube,Please di community post par link share karo apke sare video ka kyunki tag Kara product link open nahi hota hain,2025-09-10
youtube,I also have red top ❤,2026-07-15
youtube,2 re top ki link dedo please,2026-05-09
youtube,pants links please which brand?,2026-07-23
youtube,Jiji please messho se batvo ye to bohot mahnga hai 😢,2025-09-10
youtube,Please send the link,2026-07-12
youtube,2 nd top 🔗 link,2026-05-31
youtube,2nd top ki link,2026-06-01
youtube,White valya mene lla,2026-04-08
youtube,PRODUCTS ARE TAGGED 🤍 Shirts Size: S Jeans Size: S (waist 28),2025-06-12
youtube,Last wala hit different 😊,2026-01-09
youtube,Loved all the crop shirts🫶The styling is on point💕🤍Your fashion sense is always top-notch🤌🩷🩷,2025-06-13
youtube,You look better than the model of these shirts itself ❤❤❤❤,2025-10-05
youtube,3rd and last hits different 😅❤❤❤,2026-06-14
youtube,Crops shirts are very pretty naa🙌💗💜🍂,2025-06-12
youtube,Diiiii aap itne sundar sundar clothes dikhate ho vo honestly review dete ho ya fir promotion karte ho I am confused because aap intniiì sundar sundar kaha se dund late ho very pretyyyy ... I watch your videos and I have your subscriber alsoooo ❤🎉,2025-06-12
youtube,How do you always find the cutest stuff?💖🍒✨,2025-06-13
youtube,Amazing gurl ❤..i just got addicted to ur elegant look ✨️ ... Could u please let me know ur height and weight approx.....so that i could order those perfectly in sizes.....,2026-01-07
youtube,Your collection 😍💘,2025-06-12
youtube,Hayeee your aura is so positive ✨🤌💕,2025-06-12
youtube,U kinda look like shanaya kapoor Pretty❤,2025-08-05
youtube,Denim skirts plssss❤❤❤❤,2025-06-12
youtube,And di I have received my giveaway gifts✨💙thanku sooo much🫶💕I really liked them🩷,2025-06-13
youtube,Do you have a longer version? Cause not everybody likes crop??,2026-01-04
youtube,Summer trousers or any set in cotton please❤,2025-06-12
youtube,2nd one wow ❤️❤️,2025-06-12
youtube,I liked this last one ❤,2026-05-24
youtube,Collections 🫶🏼💥,2025-06-13
youtube,Yellow vala accha hai,2026-05-07
youtube,Mam 2nd top link is not clearly shown,2025-12-30
youtube,Diii aap itne aache clothes btate ho jo hum afford hi ni kr payenge 1 top 500 ka,2025-06-13
youtube,Link bhej do 4 vali shirt ka please...,2025-08-08
youtube,1st and 2nd are ❤❤❤,2025-06-12
youtube,Please brings stylish blouses,2025-06-17
youtube,Pls give 2nd shirt link....,2025-09-11
youtube,Di jeans ki link 🔗 de di jiye plsss,2026-01-30
youtube,The link of the second one isnt there pls give the link,2025-11-05
youtube,Diiii myntra pr open ni ho rha search krne k bd b,2025-10-09
youtube,Myntra teeshirt please,2025-06-12
youtube,Di please make like this affordable vedio more,2026-08-26
youtube,Last wala ka link plz,2026-02-17
youtube,Olive shirt link please,2025-07-31
youtube,2nd top link please,2026-01-04
youtube,Aaone jo white wala shirt pehena h uska 🔗,2025-07-26
youtube,2nd i have in lavendra coour,2025-06-13
youtube,Shirt linkk please,2025-06-27
youtube,@abhipsajoshi plz give link of 2nd top plz plz 🙏❤,2026-02-26
youtube,"Loved the blue printed one...please do a haul on Elegant Hush suits,they have very pretty collection.",2025-04-16
youtube,Western wear also provide,2025-12-20
youtube,Cotton anarkali naam hai kya iska😮😮,2025-07-19
youtube,Link plz for the second kurta,2025-06-01
youtube,Please subscribe for more videos ❤,2025-02-27
youtube,"Brand name ""Chootiyaan banaav"" .........",2025-08-18
youtube,MashaAllah....Allah nazre bad se bachaye,2025-02-27
youtube,Shirt to such me bhut achi hai ❤,2025-03-15
youtube,Very useful video Now I want to purchase 😊,2025-02-27
youtube,Looking so Amezing,2025-03-25
youtube,Quality aur colour multiple wash ke baad hi pata chalata h mostly kapde thoday samay ke liye hi ache hote h,2025-03-17
youtube,"I had ordered Adidas Originals shorts from Myntra worth ₹3,700, but I received the wrong product. I raised a return request, but Myntra did not provide any help and deactivated my account.",2026-02-12
youtube,Sir plz make more such vedio on shopping,2025-03-02
youtube,Overall bhot achha outfit h...,2026-06-30
youtube,Soo nice bhai ❤😊,2025-04-16
youtube,Plz can any one help me maine glti s ek cloth k liye do baar online payment kr diya hai wo kaise refund hoga plz bata do koi,2025-10-01
youtube,Shoe aur shirt ka price hi 2k hogaya tho trousers milaake 2k kaise hua??,2025-12-03
youtube,Bhai mashallah ho ❤,2025-03-03
youtube,Koun sa brand ka liye hai aap brand name please,2025-03-16
youtube,Shirt ka size kon sa or kaise pta kre k mere shirt ka saze kya hai...,2026-02-13
youtube,Love you jnnnn❤,2025-02-27
youtube,Your sister is cute 😍 MashaAllah,2025-02-27
youtube,Link kiske niche milegi bhai ?,2025-03-21
youtube,Myntra is fashion brand,2025-02-28
youtube,Bhai ap ki sister kaha ha bhot acche lagte ha wo muje masaallha ❤❤❤,2025-02-28
youtube,Mujhe aap bohot ache lage 😅,2025-03-01
youtube,Aur aap b bht achai lag rahai ho,2025-03-02
youtube,Maine to denim tshirt mangaya tha 1399 me par tshirt ke jaga bekar sa shirt aaya,2026-03-31
youtube,Bai apke link me jake check kiya lekin ye sab 3400 k kareeb ata he myntra me,2026-03-12
youtube,Ur kashmiri accent 👌 review,2025-09-17
youtube,Bhai aap modelling me kyu nhi jate ❤❤❤,2025-02-28
youtube,Nice looking like Pakistani drama Hero ❤❤❤😂,2025-02-27
youtube,Bhai myntra sab sai acha app hai,2025-03-19
youtube,Shoes is elegant 🎉😮,2025-04-12
youtube,I am subscribed,2025-02-27
youtube,Pants ka size kya hai??,2025-03-22
youtube,Meesho ke bagair sabhii online brands achhe hai 😂❤,2026-03-08
youtube,My flipkart looks classy 👌 🎉support bhiya ji 🙏,2026-05-21
youtube,Bhai aap kahan se ho😊,2025-03-16
youtube,Bhai ye shirt to maine bhi Oder ki hai,2025-03-01
youtube,Aur aap bhi bahut acche hai I like you,2025-02-27
youtube,Shadab khan ki trha hai ap ❣️,2025-03-05
youtube,Kya apne eyebrows banayi hai,2025-09-01
youtube,Seal tod diya 🙂ab return kase kruu,2025-12-20
youtube,Bro pls share shirt site i want this shirt,2025-10-29
youtube,Aap bohot pyare ho ❤❤❤,2025-03-09
youtube,Bahi app inn ko phir return karta hoo kya,2025-09-19
youtube,Couldn't find the link,2025-09-09
youtube,Hey guys🌺 Check ‘community posts’ for the links🎀,2025-07-15
youtube,2nd one is just ❤❤❤❤,2025-10-13
youtube,thank you so muchh❤,2025-07-15
youtube,Long skirt with top ethnic ideas share kijiye please di😢,2025-07-17
youtube,Thank you so much link please ❤❤❤,2025-07-20
youtube,Long gown please ☺️,2025-08-18
youtube,White dress link plzzz...the starting one,2025-10-30
youtube,Didi white dress lovely dress 👗👗👗👗👗💮💮💮💮💮🌹🌹🌹🌺🌺🌺🌷🌷🌷💐💐💐😊😊,2025-10-12
youtube,Community post kaha milta hai please please batao agale vlog Mai sister birthday gift,2026-05-12
youtube,Wow ek se badkr ek 👌,2026-04-15
youtube,Got kurti from meesho but its quality is not good,2025-07-17
youtube,Yellow drees ka Link please❤❤,2026-03-01
youtube,Ham bhi order karte hai par same nhi aata hai didi esa aata hai ki vo pahne layak hi nhi hota hai,2025-10-29
youtube,Apne sbhi dresses ki link to share ki hi nhi 😢,2025-07-20
youtube,Link please. nhi mil lga h post me,2025-10-24
youtube,Green suit link,2025-08-05
youtube,Didi please link share kar dijiye kijiye,2025-11-28
youtube,1st ka link plzz,2025-10-28
youtube,Finger is just wow,2025-11-29
youtube,This kurti want,2025-07-31
youtube,First dress link 🖇️,2025-10-29
youtube,Where is Community post,2026-07-10
youtube,Didi kapde ke sath name bhi likh kar daal deti mein search karti hu toh pata nahi chalta hai 😊,2025-07-15
youtube,Tooo fast video,2025-09-19
youtube,So much and biutiful,2026-08-03
youtube,Where is the blue one that is kept on the top in your han,2025-10-18
youtube,1ѕt 3rd 4th 8th 9th 10th,2025-07-15
youtube,Dikhata h sets lekin bhejta h missing products,2026-08-07
youtube,"They are really premium looking suits, can you please add the links to them",2025-10-22
youtube,None of them are premium looking 😕,2025-09-23
youtube,please give the product link thanks,2026-05-30
youtube,Hi. I cant seem to find the link for the 3rd red one,2026-04-01
youtube,Can you give the link of the dress u are wearing in the video,2026-02-21
youtube,Why are you showing the dresses without mentioning the links..it's a waste,2025-12-19
youtube,Kindly share link 3rd one,2026-03-11
youtube,2nd and yellow one ❤,2025-11-21
youtube,Second wale ki link dedijiye plz ❤❤,2025-12-14
youtube,Aditi just wanted to say a big thank you to you girl 🙏 You helped me pick some beautiful suits from Myntra for my friend’s wedding function . Swear to god your reviews were so real and not paid. I watched your videos and ordered 6 suits from Myntra and they turned out to be amazingly beautiful. So thank you once again ❤. Love from 🇺🇸,2025-09-26
youtube,where is the link to them?,2026-03-15
youtube,Very very pretty dresses ❤❤❤❤,2025-11-03
youtube,Link for red and yellow one plzzz,2026-07-07
youtube,Please do budget friendly dresses,2026-08-11
youtube,Link toh attach kr diya kro..,2026-03-08
youtube,All the link provided by you are of different items…except two none of them matched with link of product provided…stop fooling for views only,2026-01-28
youtube,Which size you are wearing ???,2026-08-26
youtube,Link for red palazo set link please,2026-08-17
youtube,Blue dress link plzzz di,2025-10-11
youtube,All are beautiful & gorgeous😊,2025-10-30
youtube,Can pls provide links,2026-05-06
youtube,Awesome collection 💛💛💛,2025-09-25
youtube,Ye red suit ka link Kidr h,2026-08-13
youtube,Yellow dress link plzzz,2026-08-08
youtube,Link pls for all suit,2026-08-22
youtube,Link? For the pink,2025-11-30
youtube,All are beautiful dresses,2025-11-17
youtube,Second one is amazing,2025-09-24
youtube,Aapke video se hi mne wo maroon clr saree li h❤❤,2025-09-29
youtube,Link for the second last,2026-03-14
youtube,Yellow one link plz,2026-06-07
youtube,Ur lipstick link ?,2026-08-24
youtube,link for yellow,2026-08-02
youtube,5k ka suits h obviously acche to honge hi😅,2026-03-30
youtube,Red pallazzo short kurta link pls,2025-09-24
youtube,Whats your height ?,2026-04-09
youtube,Shops me isse acha mil raha h ...isse Kam price me,2025-09-24
youtube,Coupon code doge to kya hoga,2025-10-08
youtube,"Don’t move so fast , let the audience see the exact item clearly",2026-06-02
youtube,She look like a Jhanvi Kapoor,2026-04-04
youtube,Meesho is perfect,2025-10-12
youtube,Mintra original,2025-10-15
youtube,Meesho is the best❤,2025-10-23
youtube,Can you put a review now....how is it after using for 10months?,2026-08-24
youtube,I think meesho is best according to the price,2026-01-28
youtube,I have 1st and 3rd saree... and trust me meesho is best..❤,2026-03-19
youtube,"Aap btao na, which one should we prefer, is there any quality difference or not",2025-10-13
youtube,First wali saree mene leke galti krdi bout common ho geyi h abi😢,2026-03-29
youtube,Beauty-mynthra❤ Budget-meeshi😅,2026-07-09
youtube,Meesho..is the bast....❤❤❤❤,2026-05-23
youtube,Didi ye v blouse wear kiya ha golden penyeh readymade wala haina?? Kesa hai?? Same match krta hai kya saare se? To me bi order kru isliye shadi hai,2025-11-18
youtube,Always Meesho 🎉,2025-10-12
youtube,Myntra best quality,2025-10-15
youtube,2nd outfit was looking fire on you,2025-11-27
youtube,Your shining Brown skin is just🥹🥹🥹🥹🫶🏻🫶🏻🫶🏻🫶🏻🫶🏻🌼🌼🌼🤎🤎🤎🤎🤎🤎🤎🤎🤎🤌🏻🤌🏻🤌🏻🤌🏻🤌🏻🤌🏻🤌🏻🤌🏻🤌🏻🤌🏻🤌🏻🌸🌸🌸🌸✨✨✨✨✨soooooo gorgeous beautiful prettyyyyyy girlll🩵🌈🌻🌷💗🫶🏻🌸🌼🎀💕🦋💘,2025-10-29
youtube,Pink Wale ka link🤌🤌🤌✨,2025-10-28
youtube,The pants you wore give the link of that also,2025-11-01
youtube,You are exactly looking like anuska hazra 😮,2025-11-19
youtube,Second and last suits you❤,2025-11-04
youtube,2nd so beautiful 😍,2025-11-11
youtube,1st and 3rd one 🖤❤️,2025-10-31
youtube,Share the link of the t-shirt that u are wearing,2025-11-07
youtube,Size please that sweatshirt you're wearing first,2025-11-15
youtube,ALL ARE GOOD ❤❤,2026-08-28
youtube,"Hello didi, please give the link of your formal pants, from where did you get it, from which app!!",2026-08-27
youtube,Ye pink color ka sweater...Kitna accha lga h turant khareed lu socha...fir har ek state..district ka pincode Daal diya...not deliverable h ..behen tum kaha se ho...or kaise hi milega ye Mujhe😭,2025-10-30
youtube,Jo pehne ho ow kaha se liya link,2025-11-04
youtube,Trouser and sweater link please,2025-11-09
youtube,Hawwwww .......... You are damm pretty 😍💟❤,2025-10-27
youtube,Second wala link plz,2025-10-28
youtube,"Link ,plss 🙏🙏❤️",2025-11-07
youtube,Yellow wala maine bhi order Kiya tha,2025-11-01
youtube,2 nd ki link do ....,2026-06-16
youtube,Which size u wearing 🙏🙏,2025-11-01
youtube,Well more interested in the pants...what's it called?,2026-08-26
youtube,can you share the trouser linkk?,2026-08-26
youtube,2nd one linkk plzz,2025-11-05
youtube,BEIGE TROUSERS LINK,2025-11-11
youtube,2nd Link 🔗🖇️ please,2026-03-05
youtube,Second one link,2025-12-16
youtube,Two number vala chhan aahe ❤❤,2025-11-17
youtube,Aapka face itna shine kyu kar Raha hai..😢,2026-08-27
youtube,Maam link send karo,2025-11-08
youtube,@pravilpallavi trouser link please,2025-11-18
youtube,Bro these are to costly😭,2025-10-29
youtube,Third one link....,2025-10-28
youtube,Links are in the description of full video on my channel 💗,2025-04-14
youtube,Her body plays the main role with the outfits ❤❤,2025-04-14
youtube,Your song selection is bomb 👌,2025-04-14
youtube,Girl go with the trend!❤️😂,2025-04-14
youtube,"The moment you appeared in that gorgeous Indian ethnic dress, it was like the fabric had fallen in love with you. Every detail hugged you like it was meant to—elegant, timeless, and so breathtakingly you.✨💫",2025-04-21
youtube,That purple one 🤩,2025-04-21
youtube,Hey di what lipstick shade are you wearing in this video!? Could you please tell....it is looking fabulous on you😍,2025-04-16
youtube,Looking Extremely Gorgeous 😇,2025-04-18
youtube,Aap hr outfit m itne sundar kese lgte ho❤❤,2025-04-14
youtube,Apke upar sabhi kapde sundar lagte hai didi ❤,2025-04-19
youtube,Need an accessories haul too. 🥺💓,2025-04-19
youtube,Wow di ❤aap bhut ache lag rahe ho sabhi suits mein,2025-04-14
youtube,Footwear link please beacuse it's seems so comfortable and i am expecting provide link,2025-04-14
youtube,Girl go with the trend ❤,2025-04-20
youtube,Best dressing sense ❤,2025-04-20
youtube,Waoooo u r awsome ❤❤❤,2025-04-20
youtube,All the sensations covered 😇😇😇😇😍😍😍😍,2025-04-18
youtube,Didu apne apni bracelet kha se purchase kri hai,2025-07-18
youtube,Link of lavender dress plzzz,2025-04-14
youtube,Mujhe ek shoes ka suggestion do lightweight maine bahut Sare shoes khareed liya hai lekin samajh Nahin a Raha Kuchh acche Nahin lagte Tum batana kaun se wale Mein nb ke hi lena hai,2025-07-11
youtube,Have you bought it or got it,2025-04-16
youtube,Aapne mirror kha se liya or price,2025-04-16
youtube,Aap mere favourite ho snd me link for suit,2025-04-14
youtube,Liked for her edit mehnat bro ❤,2025-04-17
youtube,Link nhi h description mein apke,2025-04-14
youtube,Ye saree outfit ka koi link hai,2025-04-18
youtube,Rupu Mujhe shoes lene hain❤ please mujhe batao na kaun se wale lu,2025-07-11
youtube,Ye sb kaha s milta dress bhai link,2025-04-19
youtube,Mirror ka hai sey li ya aapne,2025-04-22
youtube,1st dress link please,2025-04-16
youtube,Rupal I just loved how you nailed all the fits in this on this audio ❤😍,2025-04-14
youtube,Hahaha...mast edit😂😂😂😂😂,2025-04-14
youtube,Yrrr link de do di,2025-04-16
youtube,My favourite colour and trending design,2026-02-12
youtube,Less is more Save environment Save ur next generation 🙏,2025-04-06
youtube,Please send some more sobre looking suits,2025-08-14
youtube,Didi jo aap pehno ho usko kya bolte h,2026-03-29
youtube,",nice Whar is the price",2025-05-28
youtube,Pls mention siza and price 46 - size available,2025-08-25
youtube,Nice price please,2025-05-20
youtube,Beautiful what is the price please,2025-06-01
youtube,Kitna prise h uska,2025-05-16
youtube,Scam with gini pandey shame shame Myntra,2026-02-09
youtube,Ye kurta set muje aj tak myntra pr nahi mila😢,2026-06-02
youtube,Ye bahut hi bura aps h ispe mne kurti set magaya lekin myntra ne duppta missing bheja 2august ko abhi tak mera exchange nhi kia myntra ne,2026-08-07
youtube,"Myntra is fraud, around 3k inr vanished from my myntra account. They lost 1 customer for sure.",2025-09-27
youtube,Please dont shop from Myntra. They sent us a duster like torn cloth instead of pantaloon rangmanch kurti. I have lost my 1300 rs.,2026-06-21
youtube,Myntra is supplying useless product,2026-03-20
youtube,https://youtu.be/xy3LzeUl_JU?si=nXMcwqIhDKjlgnai,2025-12-12
youtube,"i loved the sunglasses from brand ROYALTAIL, Thanks for your suggestions and review, Ordered and wearing now such a heavy quality. ❤❤🎉🎉",2026-05-19
youtube,Loved all the sunglasses 😎,2025-07-08
